Emotions,Path
neutral,data/input/voice/Actor_01\03-01-01-01-01-01-01.wav
neutral,data/input/voice/Actor_01\03-01-01-01-01-02-01.wav
neutral,data/input/voice/Actor_01\03-01-01-01-02-01-01.wav
neutral,data/input/voice/Actor_01\03-01-01-01-02-02-01.wav
neutral,data/input/voice/Actor_01\03-01-02-01-01-01-01.wav
neutral,data/input/voice/Actor_01\03-01-02-01-01-02-01.wav
neutral,data/input/voice/Actor_01\03-01-02-01-02-01-01.wav
neutral,data/input/voice/Actor_01\03-01-02-01-02-02-01.wav
neutral,data/input/voice/Actor_01\03-01-02-02-01-01-01.wav
neutral,data/input/voice/Actor_01\03-01-02-02-01-02-01.wav
neutral,data/input/voice/Actor_01\03-01-02-02-02-01-01.wav
neutral,data/input/voice/Actor_01\03-01-02-02-02-02-01.wav
happy,data/input/voice/Actor_01\03-01-03-01-01-01-01.wav
happy,data/input/voice/Actor_01\03-01-03-01-01-02-01.wav
happy,data/input/voice/Actor_01\03-01-03-01-02-01-01.wav
happy,data/input/voice/Actor_01\03-01-03-01-02-02-01.wav
happy,data/input/voice/Actor_01\03-01-03-02-01-01-01.wav
happy,data/input/voice/Actor_01\03-01-03-02-01-02-01.wav
happy,data/input/voice/Actor_01\03-01-03-02-02-01-01.wav
happy,data/input/voice/Actor_01\03-01-03-02-02-02-01.wav
sad,data/input/voice/Actor_01\03-01-04-01-01-01-01.wav
sad,data/input/voice/Actor_01\03-01-04-01-01-02-01.wav
sad,data/input/voice/Actor_01\03-01-04-01-02-01-01.wav
sad,data/input/voice/Actor_01\03-01-04-01-02-02-01.wav
sad,data/input/voice/Actor_01\03-01-04-02-01-01-01.wav
sad,data/input/voice/Actor_01\03-01-04-02-01-02-01.wav
sad,data/input/voice/Actor_01\03-01-04-02-02-01-01.wav
sad,data/input/voice/Actor_01\03-01-04-02-02-02-01.wav
angry,data/input/voice/Actor_01\03-01-05-01-01-01-01.wav
angry,data/input/voice/Actor_01\03-01-05-01-01-02-01.wav
angry,data/input/voice/Actor_01\03-01-05-01-02-01-01.wav
angry,data/input/voice/Actor_01\03-01-05-01-02-02-01.wav
angry,data/input/voice/Actor_01\03-01-05-02-01-01-01.wav
angry,data/input/voice/Actor_01\03-01-05-02-01-02-01.wav
angry,data/input/voice/Actor_01\03-01-05-02-02-01-01.wav
angry,data/input/voice/Actor_01\03-01-05-02-02-02-01.wav
fear,data/input/voice/Actor_01\03-01-06-01-01-01-01.wav
fear,data/input/voice/Actor_01\03-01-06-01-01-02-01.wav
fear,data/input/voice/Actor_01\03-01-06-01-02-01-01.wav
fear,data/input/voice/Actor_01\03-01-06-01-02-02-01.wav
fear,data/input/voice/Actor_01\03-01-06-02-01-01-01.wav
fear,data/input/voice/Actor_01\03-01-06-02-01-02-01.wav
fear,data/input/voice/Actor_01\03-01-06-02-02-01-01.wav
fear,data/input/voice/Actor_01\03-01-06-02-02-02-01.wav
disgust,data/input/voice/Actor_01\03-01-07-01-01-01-01.wav
disgust,data/input/voice/Actor_01\03-01-07-01-01-02-01.wav
disgust,data/input/voice/Actor_01\03-01-07-01-02-01-01.wav
disgust,data/input/voice/Actor_01\03-01-07-01-02-02-01.wav
disgust,data/input/voice/Actor_01\03-01-07-02-01-01-01.wav
disgust,data/input/voice/Actor_01\03-01-07-02-01-02-01.wav
disgust,data/input/voice/Actor_01\03-01-07-02-02-01-01.wav
disgust,data/input/voice/Actor_01\03-01-07-02-02-02-01.wav
surprise,data/input/voice/Actor_01\03-01-08-01-01-01-01.wav
surprise,data/input/voice/Actor_01\03-01-08-01-01-02-01.wav
surprise,data/input/voice/Actor_01\03-01-08-01-02-01-01.wav
surprise,data/input/voice/Actor_01\03-01-08-01-02-02-01.wav
surprise,data/input/voice/Actor_01\03-01-08-02-01-01-01.wav
surprise,data/input/voice/Actor_01\03-01-08-02-01-02-01.wav
surprise,data/input/voice/Actor_01\03-01-08-02-02-01-01.wav
surprise,data/input/voice/Actor_01\03-01-08-02-02-02-01.wav
neutral,data/input/voice/Actor_02\03-01-01-01-01-01-02.wav
neutral,data/input/voice/Actor_02\03-01-01-01-01-02-02.wav
neutral,data/input/voice/Actor_02\03-01-01-01-02-01-02.wav
neutral,data/input/voice/Actor_02\03-01-01-01-02-02-02.wav
neutral,data/input/voice/Actor_02\03-01-02-01-01-01-02.wav
neutral,data/input/voice/Actor_02\03-01-02-01-01-02-02.wav
neutral,data/input/voice/Actor_02\03-01-02-01-02-01-02.wav
neutral,data/input/voice/Actor_02\03-01-02-01-02-02-02.wav
neutral,data/input/voice/Actor_02\03-01-02-02-01-01-02.wav
neutral,data/input/voice/Actor_02\03-01-02-02-01-02-02.wav
neutral,data/input/voice/Actor_02\03-01-02-02-02-01-02.wav
neutral,data/input/voice/Actor_02\03-01-02-02-02-02-02.wav
happy,data/input/voice/Actor_02\03-01-03-01-01-01-02.wav
happy,data/input/voice/Actor_02\03-01-03-01-01-02-02.wav
happy,data/input/voice/Actor_02\03-01-03-01-02-01-02.wav
happy,data/input/voice/Actor_02\03-01-03-01-02-02-02.wav
happy,data/input/voice/Actor_02\03-01-03-02-01-01-02.wav
happy,data/input/voice/Actor_02\03-01-03-02-01-02-02.wav
happy,data/input/voice/Actor_02\03-01-03-02-02-01-02.wav
happy,data/input/voice/Actor_02\03-01-03-02-02-02-02.wav
sad,data/input/voice/Actor_02\03-01-04-01-01-01-02.wav
sad,data/input/voice/Actor_02\03-01-04-01-01-02-02.wav
sad,data/input/voice/Actor_02\03-01-04-01-02-01-02.wav
sad,data/input/voice/Actor_02\03-01-04-01-02-02-02.wav
sad,data/input/voice/Actor_02\03-01-04-02-01-01-02.wav
sad,data/input/voice/Actor_02\03-01-04-02-01-02-02.wav
sad,data/input/voice/Actor_02\03-01-04-02-02-01-02.wav
sad,data/input/voice/Actor_02\03-01-04-02-02-02-02.wav
angry,data/input/voice/Actor_02\03-01-05-01-01-01-02.wav
angry,data/input/voice/Actor_02\03-01-05-01-01-02-02.wav
angry,data/input/voice/Actor_02\03-01-05-01-02-01-02.wav
angry,data/input/voice/Actor_02\03-01-05-01-02-02-02.wav
angry,data/input/voice/Actor_02\03-01-05-02-01-01-02.wav
angry,data/input/voice/Actor_02\03-01-05-02-01-02-02.wav
angry,data/input/voice/Actor_02\03-01-05-02-02-01-02.wav
angry,data/input/voice/Actor_02\03-01-05-02-02-02-02.wav
fear,data/input/voice/Actor_02\03-01-06-01-01-01-02.wav
fear,data/input/voice/Actor_02\03-01-06-01-01-02-02.wav
fear,data/input/voice/Actor_02\03-01-06-01-02-01-02.wav
fear,data/input/voice/Actor_02\03-01-06-01-02-02-02.wav
fear,data/input/voice/Actor_02\03-01-06-02-01-01-02.wav
fear,data/input/voice/Actor_02\03-01-06-02-01-02-02.wav
fear,data/input/voice/Actor_02\03-01-06-02-02-01-02.wav
fear,data/input/voice/Actor_02\03-01-06-02-02-02-02.wav
disgust,data/input/voice/Actor_02\03-01-07-01-01-01-02.wav
disgust,data/input/voice/Actor_02\03-01-07-01-01-02-02.wav
disgust,data/input/voice/Actor_02\03-01-07-01-02-01-02.wav
disgust,data/input/voice/Actor_02\03-01-07-01-02-02-02.wav
disgust,data/input/voice/Actor_02\03-01-07-02-01-01-02.wav
disgust,data/input/voice/Actor_02\03-01-07-02-01-02-02.wav
disgust,data/input/voice/Actor_02\03-01-07-02-02-01-02.wav
disgust,data/input/voice/Actor_02\03-01-07-02-02-02-02.wav
surprise,data/input/voice/Actor_02\03-01-08-01-01-01-02.wav
surprise,data/input/voice/Actor_02\03-01-08-01-01-02-02.wav
surprise,data/input/voice/Actor_02\03-01-08-01-02-01-02.wav
surprise,data/input/voice/Actor_02\03-01-08-01-02-02-02.wav
surprise,data/input/voice/Actor_02\03-01-08-02-01-01-02.wav
surprise,data/input/voice/Actor_02\03-01-08-02-01-02-02.wav
surprise,data/input/voice/Actor_02\03-01-08-02-02-01-02.wav
surprise,data/input/voice/Actor_02\03-01-08-02-02-02-02.wav
neutral,data/input/voice/Actor_03\03-01-01-01-01-01-03.wav
neutral,data/input/voice/Actor_03\03-01-01-01-01-02-03.wav
neutral,data/input/voice/Actor_03\03-01-01-01-02-01-03.wav
neutral,data/input/voice/Actor_03\03-01-01-01-02-02-03.wav
neutral,data/input/voice/Actor_03\03-01-02-01-01-01-03.wav
neutral,data/input/voice/Actor_03\03-01-02-01-01-02-03.wav
neutral,data/input/voice/Actor_03\03-01-02-01-02-01-03.wav
neutral,data/input/voice/Actor_03\03-01-02-01-02-02-03.wav
neutral,data/input/voice/Actor_03\03-01-02-02-01-01-03.wav
neutral,data/input/voice/Actor_03\03-01-02-02-01-02-03.wav
neutral,data/input/voice/Actor_03\03-01-02-02-02-01-03.wav
neutral,data/input/voice/Actor_03\03-01-02-02-02-02-03.wav
happy,data/input/voice/Actor_03\03-01-03-01-01-01-03.wav
happy,data/input/voice/Actor_03\03-01-03-01-01-02-03.wav
happy,data/input/voice/Actor_03\03-01-03-01-02-01-03.wav
happy,data/input/voice/Actor_03\03-01-03-01-02-02-03.wav
happy,data/input/voice/Actor_03\03-01-03-02-01-01-03.wav
happy,data/input/voice/Actor_03\03-01-03-02-01-02-03.wav
happy,data/input/voice/Actor_03\03-01-03-02-02-01-03.wav
happy,data/input/voice/Actor_03\03-01-03-02-02-02-03.wav
sad,data/input/voice/Actor_03\03-01-04-01-01-01-03.wav
sad,data/input/voice/Actor_03\03-01-04-01-01-02-03.wav
sad,data/input/voice/Actor_03\03-01-04-01-02-01-03.wav
sad,data/input/voice/Actor_03\03-01-04-01-02-02-03.wav
sad,data/input/voice/Actor_03\03-01-04-02-01-01-03.wav
sad,data/input/voice/Actor_03\03-01-04-02-01-02-03.wav
sad,data/input/voice/Actor_03\03-01-04-02-02-01-03.wav
sad,data/input/voice/Actor_03\03-01-04-02-02-02-03.wav
angry,data/input/voice/Actor_03\03-01-05-01-01-01-03.wav
angry,data/input/voice/Actor_03\03-01-05-01-01-02-03.wav
angry,data/input/voice/Actor_03\03-01-05-01-02-01-03.wav
angry,data/input/voice/Actor_03\03-01-05-01-02-02-03.wav
angry,data/input/voice/Actor_03\03-01-05-02-01-01-03.wav
angry,data/input/voice/Actor_03\03-01-05-02-01-02-03.wav
angry,data/input/voice/Actor_03\03-01-05-02-02-01-03.wav
angry,data/input/voice/Actor_03\03-01-05-02-02-02-03.wav
fear,data/input/voice/Actor_03\03-01-06-01-01-01-03.wav
fear,data/input/voice/Actor_03\03-01-06-01-01-02-03.wav
fear,data/input/voice/Actor_03\03-01-06-01-02-01-03.wav
fear,data/input/voice/Actor_03\03-01-06-01-02-02-03.wav
fear,data/input/voice/Actor_03\03-01-06-02-01-01-03.wav
fear,data/input/voice/Actor_03\03-01-06-02-01-02-03.wav
fear,data/input/voice/Actor_03\03-01-06-02-02-01-03.wav
fear,data/input/voice/Actor_03\03-01-06-02-02-02-03.wav
disgust,data/input/voice/Actor_03\03-01-07-01-01-01-03.wav
disgust,data/input/voice/Actor_03\03-01-07-01-01-02-03.wav
disgust,data/input/voice/Actor_03\03-01-07-01-02-01-03.wav
disgust,data/input/voice/Actor_03\03-01-07-01-02-02-03.wav
disgust,data/input/voice/Actor_03\03-01-07-02-01-01-03.wav
disgust,data/input/voice/Actor_03\03-01-07-02-01-02-03.wav
disgust,data/input/voice/Actor_03\03-01-07-02-02-01-03.wav
disgust,data/input/voice/Actor_03\03-01-07-02-02-02-03.wav
surprise,data/input/voice/Actor_03\03-01-08-01-01-01-03.wav
surprise,data/input/voice/Actor_03\03-01-08-01-01-02-03.wav
surprise,data/input/voice/Actor_03\03-01-08-01-02-01-03.wav
surprise,data/input/voice/Actor_03\03-01-08-01-02-02-03.wav
surprise,data/input/voice/Actor_03\03-01-08-02-01-01-03.wav
surprise,data/input/voice/Actor_03\03-01-08-02-01-02-03.wav
surprise,data/input/voice/Actor_03\03-01-08-02-02-01-03.wav
surprise,data/input/voice/Actor_03\03-01-08-02-02-02-03.wav
neutral,data/input/voice/Actor_04\03-01-01-01-01-01-04.wav
neutral,data/input/voice/Actor_04\03-01-01-01-01-02-04.wav
neutral,data/input/voice/Actor_04\03-01-01-01-02-01-04.wav
neutral,data/input/voice/Actor_04\03-01-01-01-02-02-04.wav
neutral,data/input/voice/Actor_04\03-01-02-01-01-01-04.wav
neutral,data/input/voice/Actor_04\03-01-02-01-01-02-04.wav
neutral,data/input/voice/Actor_04\03-01-02-01-02-01-04.wav
neutral,data/input/voice/Actor_04\03-01-02-01-02-02-04.wav
neutral,data/input/voice/Actor_04\03-01-02-02-01-01-04.wav
neutral,data/input/voice/Actor_04\03-01-02-02-01-02-04.wav
neutral,data/input/voice/Actor_04\03-01-02-02-02-01-04.wav
neutral,data/input/voice/Actor_04\03-01-02-02-02-02-04.wav
happy,data/input/voice/Actor_04\03-01-03-01-01-01-04.wav
happy,data/input/voice/Actor_04\03-01-03-01-01-02-04.wav
happy,data/input/voice/Actor_04\03-01-03-01-02-01-04.wav
happy,data/input/voice/Actor_04\03-01-03-01-02-02-04.wav
happy,data/input/voice/Actor_04\03-01-03-02-01-01-04.wav
happy,data/input/voice/Actor_04\03-01-03-02-01-02-04.wav
happy,data/input/voice/Actor_04\03-01-03-02-02-01-04.wav
happy,data/input/voice/Actor_04\03-01-03-02-02-02-04.wav
sad,data/input/voice/Actor_04\03-01-04-01-01-01-04.wav
sad,data/input/voice/Actor_04\03-01-04-01-01-02-04.wav
sad,data/input/voice/Actor_04\03-01-04-01-02-01-04.wav
sad,data/input/voice/Actor_04\03-01-04-01-02-02-04.wav
sad,data/input/voice/Actor_04\03-01-04-02-01-01-04.wav
sad,data/input/voice/Actor_04\03-01-04-02-01-02-04.wav
sad,data/input/voice/Actor_04\03-01-04-02-02-01-04.wav
sad,data/input/voice/Actor_04\03-01-04-02-02-02-04.wav
angry,data/input/voice/Actor_04\03-01-05-01-01-01-04.wav
angry,data/input/voice/Actor_04\03-01-05-01-01-02-04.wav
angry,data/input/voice/Actor_04\03-01-05-01-02-01-04.wav
angry,data/input/voice/Actor_04\03-01-05-01-02-02-04.wav
angry,data/input/voice/Actor_04\03-01-05-02-01-01-04.wav
angry,data/input/voice/Actor_04\03-01-05-02-01-02-04.wav
angry,data/input/voice/Actor_04\03-01-05-02-02-01-04.wav
angry,data/input/voice/Actor_04\03-01-05-02-02-02-04.wav
fear,data/input/voice/Actor_04\03-01-06-01-01-01-04.wav
fear,data/input/voice/Actor_04\03-01-06-01-01-02-04.wav
fear,data/input/voice/Actor_04\03-01-06-01-02-01-04.wav
fear,data/input/voice/Actor_04\03-01-06-01-02-02-04.wav
fear,data/input/voice/Actor_04\03-01-06-02-01-01-04.wav
fear,data/input/voice/Actor_04\03-01-06-02-01-02-04.wav
fear,data/input/voice/Actor_04\03-01-06-02-02-01-04.wav
fear,data/input/voice/Actor_04\03-01-06-02-02-02-04.wav
disgust,data/input/voice/Actor_04\03-01-07-01-01-01-04.wav
disgust,data/input/voice/Actor_04\03-01-07-01-01-02-04.wav
disgust,data/input/voice/Actor_04\03-01-07-01-02-01-04.wav
disgust,data/input/voice/Actor_04\03-01-07-01-02-02-04.wav
disgust,data/input/voice/Actor_04\03-01-07-02-01-01-04.wav
disgust,data/input/voice/Actor_04\03-01-07-02-01-02-04.wav
disgust,data/input/voice/Actor_04\03-01-07-02-02-01-04.wav
disgust,data/input/voice/Actor_04\03-01-07-02-02-02-04.wav
surprise,data/input/voice/Actor_04\03-01-08-01-01-01-04.wav
surprise,data/input/voice/Actor_04\03-01-08-01-01-02-04.wav
surprise,data/input/voice/Actor_04\03-01-08-01-02-01-04.wav
surprise,data/input/voice/Actor_04\03-01-08-01-02-02-04.wav
surprise,data/input/voice/Actor_04\03-01-08-02-01-01-04.wav
surprise,data/input/voice/Actor_04\03-01-08-02-01-02-04.wav
surprise,data/input/voice/Actor_04\03-01-08-02-02-01-04.wav
surprise,data/input/voice/Actor_04\03-01-08-02-02-02-04.wav
neutral,data/input/voice/Actor_05\03-01-01-01-01-01-05.wav
neutral,data/input/voice/Actor_05\03-01-01-01-01-02-05.wav
neutral,data/input/voice/Actor_05\03-01-01-01-02-01-05.wav
neutral,data/input/voice/Actor_05\03-01-01-01-02-02-05.wav
neutral,data/input/voice/Actor_05\03-01-02-01-01-01-05.wav
neutral,data/input/voice/Actor_05\03-01-02-01-01-02-05.wav
neutral,data/input/voice/Actor_05\03-01-02-01-02-01-05.wav
neutral,data/input/voice/Actor_05\03-01-02-01-02-02-05.wav
neutral,data/input/voice/Actor_05\03-01-02-02-01-01-05.wav
neutral,data/input/voice/Actor_05\03-01-02-02-01-02-05.wav
neutral,data/input/voice/Actor_05\03-01-02-02-02-01-05.wav
neutral,data/input/voice/Actor_05\03-01-02-02-02-02-05.wav
happy,data/input/voice/Actor_05\03-01-03-01-01-01-05.wav
happy,data/input/voice/Actor_05\03-01-03-01-01-02-05.wav
happy,data/input/voice/Actor_05\03-01-03-01-02-01-05.wav
happy,data/input/voice/Actor_05\03-01-03-01-02-02-05.wav
happy,data/input/voice/Actor_05\03-01-03-02-01-01-05.wav
happy,data/input/voice/Actor_05\03-01-03-02-01-02-05.wav
happy,data/input/voice/Actor_05\03-01-03-02-02-01-05.wav
happy,data/input/voice/Actor_05\03-01-03-02-02-02-05.wav
sad,data/input/voice/Actor_05\03-01-04-01-01-01-05.wav
sad,data/input/voice/Actor_05\03-01-04-01-01-02-05.wav
sad,data/input/voice/Actor_05\03-01-04-01-02-01-05.wav
sad,data/input/voice/Actor_05\03-01-04-01-02-02-05.wav
sad,data/input/voice/Actor_05\03-01-04-02-01-01-05.wav
sad,data/input/voice/Actor_05\03-01-04-02-01-02-05.wav
sad,data/input/voice/Actor_05\03-01-04-02-02-01-05.wav
sad,data/input/voice/Actor_05\03-01-04-02-02-02-05.wav
angry,data/input/voice/Actor_05\03-01-05-01-01-01-05.wav
angry,data/input/voice/Actor_05\03-01-05-01-01-02-05.wav
angry,data/input/voice/Actor_05\03-01-05-01-02-01-05.wav
angry,data/input/voice/Actor_05\03-01-05-01-02-02-05.wav
angry,data/input/voice/Actor_05\03-01-05-02-01-01-05.wav
angry,data/input/voice/Actor_05\03-01-05-02-01-02-05.wav
angry,data/input/voice/Actor_05\03-01-05-02-02-01-05.wav
angry,data/input/voice/Actor_05\03-01-05-02-02-02-05.wav
fear,data/input/voice/Actor_05\03-01-06-01-01-01-05.wav
fear,data/input/voice/Actor_05\03-01-06-01-01-02-05.wav
fear,data/input/voice/Actor_05\03-01-06-01-02-01-05.wav
fear,data/input/voice/Actor_05\03-01-06-01-02-02-05.wav
fear,data/input/voice/Actor_05\03-01-06-02-01-01-05.wav
fear,data/input/voice/Actor_05\03-01-06-02-01-02-05.wav
fear,data/input/voice/Actor_05\03-01-06-02-02-01-05.wav
fear,data/input/voice/Actor_05\03-01-06-02-02-02-05.wav
disgust,data/input/voice/Actor_05\03-01-07-01-01-01-05.wav
disgust,data/input/voice/Actor_05\03-01-07-01-01-02-05.wav
disgust,data/input/voice/Actor_05\03-01-07-01-02-01-05.wav
disgust,data/input/voice/Actor_05\03-01-07-01-02-02-05.wav
disgust,data/input/voice/Actor_05\03-01-07-02-01-01-05.wav
disgust,data/input/voice/Actor_05\03-01-07-02-01-02-05.wav
disgust,data/input/voice/Actor_05\03-01-07-02-02-01-05.wav
disgust,data/input/voice/Actor_05\03-01-07-02-02-02-05.wav
surprise,data/input/voice/Actor_05\03-01-08-01-01-01-05.wav
surprise,data/input/voice/Actor_05\03-01-08-01-01-02-05.wav
surprise,data/input/voice/Actor_05\03-01-08-01-02-01-05.wav
surprise,data/input/voice/Actor_05\03-01-08-01-02-02-05.wav
surprise,data/input/voice/Actor_05\03-01-08-02-01-01-05.wav
surprise,data/input/voice/Actor_05\03-01-08-02-01-02-05.wav
surprise,data/input/voice/Actor_05\03-01-08-02-02-01-05.wav
surprise,data/input/voice/Actor_05\03-01-08-02-02-02-05.wav
neutral,data/input/voice/Actor_06\03-01-01-01-01-01-06.wav
neutral,data/input/voice/Actor_06\03-01-01-01-01-02-06.wav
neutral,data/input/voice/Actor_06\03-01-01-01-02-01-06.wav
neutral,data/input/voice/Actor_06\03-01-01-01-02-02-06.wav
neutral,data/input/voice/Actor_06\03-01-02-01-01-01-06.wav
neutral,data/input/voice/Actor_06\03-01-02-01-01-02-06.wav
neutral,data/input/voice/Actor_06\03-01-02-01-02-01-06.wav
neutral,data/input/voice/Actor_06\03-01-02-01-02-02-06.wav
neutral,data/input/voice/Actor_06\03-01-02-02-01-01-06.wav
neutral,data/input/voice/Actor_06\03-01-02-02-01-02-06.wav
neutral,data/input/voice/Actor_06\03-01-02-02-02-01-06.wav
neutral,data/input/voice/Actor_06\03-01-02-02-02-02-06.wav
happy,data/input/voice/Actor_06\03-01-03-01-01-01-06.wav
happy,data/input/voice/Actor_06\03-01-03-01-01-02-06.wav
happy,data/input/voice/Actor_06\03-01-03-01-02-01-06.wav
happy,data/input/voice/Actor_06\03-01-03-01-02-02-06.wav
happy,data/input/voice/Actor_06\03-01-03-02-01-01-06.wav
happy,data/input/voice/Actor_06\03-01-03-02-01-02-06.wav
happy,data/input/voice/Actor_06\03-01-03-02-02-01-06.wav
happy,data/input/voice/Actor_06\03-01-03-02-02-02-06.wav
sad,data/input/voice/Actor_06\03-01-04-01-01-01-06.wav
sad,data/input/voice/Actor_06\03-01-04-01-01-02-06.wav
sad,data/input/voice/Actor_06\03-01-04-01-02-01-06.wav
sad,data/input/voice/Actor_06\03-01-04-01-02-02-06.wav
sad,data/input/voice/Actor_06\03-01-04-02-01-01-06.wav
sad,data/input/voice/Actor_06\03-01-04-02-01-02-06.wav
sad,data/input/voice/Actor_06\03-01-04-02-02-01-06.wav
sad,data/input/voice/Actor_06\03-01-04-02-02-02-06.wav
angry,data/input/voice/Actor_06\03-01-05-01-01-01-06.wav
angry,data/input/voice/Actor_06\03-01-05-01-01-02-06.wav
angry,data/input/voice/Actor_06\03-01-05-01-02-01-06.wav
angry,data/input/voice/Actor_06\03-01-05-01-02-02-06.wav
angry,data/input/voice/Actor_06\03-01-05-02-01-01-06.wav
angry,data/input/voice/Actor_06\03-01-05-02-01-02-06.wav
angry,data/input/voice/Actor_06\03-01-05-02-02-01-06.wav
angry,data/input/voice/Actor_06\03-01-05-02-02-02-06.wav
fear,data/input/voice/Actor_06\03-01-06-01-01-01-06.wav
fear,data/input/voice/Actor_06\03-01-06-01-01-02-06.wav
fear,data/input/voice/Actor_06\03-01-06-01-02-01-06.wav
fear,data/input/voice/Actor_06\03-01-06-01-02-02-06.wav
fear,data/input/voice/Actor_06\03-01-06-02-01-01-06.wav
fear,data/input/voice/Actor_06\03-01-06-02-01-02-06.wav
fear,data/input/voice/Actor_06\03-01-06-02-02-01-06.wav
fear,data/input/voice/Actor_06\03-01-06-02-02-02-06.wav
disgust,data/input/voice/Actor_06\03-01-07-01-01-01-06.wav
disgust,data/input/voice/Actor_06\03-01-07-01-01-02-06.wav
disgust,data/input/voice/Actor_06\03-01-07-01-02-01-06.wav
disgust,data/input/voice/Actor_06\03-01-07-01-02-02-06.wav
disgust,data/input/voice/Actor_06\03-01-07-02-01-01-06.wav
disgust,data/input/voice/Actor_06\03-01-07-02-01-02-06.wav
disgust,data/input/voice/Actor_06\03-01-07-02-02-01-06.wav
disgust,data/input/voice/Actor_06\03-01-07-02-02-02-06.wav
surprise,data/input/voice/Actor_06\03-01-08-01-01-01-06.wav
surprise,data/input/voice/Actor_06\03-01-08-01-01-02-06.wav
surprise,data/input/voice/Actor_06\03-01-08-01-02-01-06.wav
surprise,data/input/voice/Actor_06\03-01-08-01-02-02-06.wav
surprise,data/input/voice/Actor_06\03-01-08-02-01-01-06.wav
surprise,data/input/voice/Actor_06\03-01-08-02-01-02-06.wav
surprise,data/input/voice/Actor_06\03-01-08-02-02-01-06.wav
surprise,data/input/voice/Actor_06\03-01-08-02-02-02-06.wav
neutral,data/input/voice/Actor_07\03-01-01-01-01-01-07.wav
neutral,data/input/voice/Actor_07\03-01-01-01-01-02-07.wav
neutral,data/input/voice/Actor_07\03-01-01-01-02-01-07.wav
neutral,data/input/voice/Actor_07\03-01-01-01-02-02-07.wav
neutral,data/input/voice/Actor_07\03-01-02-01-01-01-07.wav
neutral,data/input/voice/Actor_07\03-01-02-01-01-02-07.wav
neutral,data/input/voice/Actor_07\03-01-02-01-02-01-07.wav
neutral,data/input/voice/Actor_07\03-01-02-01-02-02-07.wav
neutral,data/input/voice/Actor_07\03-01-02-02-01-01-07.wav
neutral,data/input/voice/Actor_07\03-01-02-02-01-02-07.wav
neutral,data/input/voice/Actor_07\03-01-02-02-02-01-07.wav
neutral,data/input/voice/Actor_07\03-01-02-02-02-02-07.wav
happy,data/input/voice/Actor_07\03-01-03-01-01-01-07.wav
happy,data/input/voice/Actor_07\03-01-03-01-01-02-07.wav
happy,data/input/voice/Actor_07\03-01-03-01-02-01-07.wav
happy,data/input/voice/Actor_07\03-01-03-01-02-02-07.wav
happy,data/input/voice/Actor_07\03-01-03-02-01-01-07.wav
happy,data/input/voice/Actor_07\03-01-03-02-01-02-07.wav
happy,data/input/voice/Actor_07\03-01-03-02-02-01-07.wav
happy,data/input/voice/Actor_07\03-01-03-02-02-02-07.wav
sad,data/input/voice/Actor_07\03-01-04-01-01-01-07.wav
sad,data/input/voice/Actor_07\03-01-04-01-01-02-07.wav
sad,data/input/voice/Actor_07\03-01-04-01-02-01-07.wav
sad,data/input/voice/Actor_07\03-01-04-01-02-02-07.wav
sad,data/input/voice/Actor_07\03-01-04-02-01-01-07.wav
sad,data/input/voice/Actor_07\03-01-04-02-01-02-07.wav
sad,data/input/voice/Actor_07\03-01-04-02-02-01-07.wav
sad,data/input/voice/Actor_07\03-01-04-02-02-02-07.wav
angry,data/input/voice/Actor_07\03-01-05-01-01-01-07.wav
angry,data/input/voice/Actor_07\03-01-05-01-01-02-07.wav
angry,data/input/voice/Actor_07\03-01-05-01-02-01-07.wav
angry,data/input/voice/Actor_07\03-01-05-01-02-02-07.wav
angry,data/input/voice/Actor_07\03-01-05-02-01-01-07.wav
angry,data/input/voice/Actor_07\03-01-05-02-01-02-07.wav
angry,data/input/voice/Actor_07\03-01-05-02-02-01-07.wav
angry,data/input/voice/Actor_07\03-01-05-02-02-02-07.wav
fear,data/input/voice/Actor_07\03-01-06-01-01-01-07.wav
fear,data/input/voice/Actor_07\03-01-06-01-01-02-07.wav
fear,data/input/voice/Actor_07\03-01-06-01-02-01-07.wav
fear,data/input/voice/Actor_07\03-01-06-01-02-02-07.wav
fear,data/input/voice/Actor_07\03-01-06-02-01-01-07.wav
fear,data/input/voice/Actor_07\03-01-06-02-01-02-07.wav
fear,data/input/voice/Actor_07\03-01-06-02-02-01-07.wav
fear,data/input/voice/Actor_07\03-01-06-02-02-02-07.wav
disgust,data/input/voice/Actor_07\03-01-07-01-01-01-07.wav
disgust,data/input/voice/Actor_07\03-01-07-01-01-02-07.wav
disgust,data/input/voice/Actor_07\03-01-07-01-02-01-07.wav
disgust,data/input/voice/Actor_07\03-01-07-01-02-02-07.wav
disgust,data/input/voice/Actor_07\03-01-07-02-01-01-07.wav
disgust,data/input/voice/Actor_07\03-01-07-02-01-02-07.wav
disgust,data/input/voice/Actor_07\03-01-07-02-02-01-07.wav
disgust,data/input/voice/Actor_07\03-01-07-02-02-02-07.wav
surprise,data/input/voice/Actor_07\03-01-08-01-01-01-07.wav
surprise,data/input/voice/Actor_07\03-01-08-01-01-02-07.wav
surprise,data/input/voice/Actor_07\03-01-08-01-02-01-07.wav
surprise,data/input/voice/Actor_07\03-01-08-01-02-02-07.wav
surprise,data/input/voice/Actor_07\03-01-08-02-01-01-07.wav
surprise,data/input/voice/Actor_07\03-01-08-02-01-02-07.wav
surprise,data/input/voice/Actor_07\03-01-08-02-02-01-07.wav
surprise,data/input/voice/Actor_07\03-01-08-02-02-02-07.wav
neutral,data/input/voice/Actor_08\03-01-01-01-01-01-08.wav
neutral,data/input/voice/Actor_08\03-01-01-01-01-02-08.wav
neutral,data/input/voice/Actor_08\03-01-01-01-02-01-08.wav
neutral,data/input/voice/Actor_08\03-01-01-01-02-02-08.wav
neutral,data/input/voice/Actor_08\03-01-02-01-01-01-08.wav
neutral,data/input/voice/Actor_08\03-01-02-01-01-02-08.wav
neutral,data/input/voice/Actor_08\03-01-02-01-02-01-08.wav
neutral,data/input/voice/Actor_08\03-01-02-01-02-02-08.wav
neutral,data/input/voice/Actor_08\03-01-02-02-01-01-08.wav
neutral,data/input/voice/Actor_08\03-01-02-02-01-02-08.wav
neutral,data/input/voice/Actor_08\03-01-02-02-02-01-08.wav
neutral,data/input/voice/Actor_08\03-01-02-02-02-02-08.wav
happy,data/input/voice/Actor_08\03-01-03-01-01-01-08.wav
happy,data/input/voice/Actor_08\03-01-03-01-01-02-08.wav
happy,data/input/voice/Actor_08\03-01-03-01-02-01-08.wav
happy,data/input/voice/Actor_08\03-01-03-01-02-02-08.wav
happy,data/input/voice/Actor_08\03-01-03-02-01-01-08.wav
happy,data/input/voice/Actor_08\03-01-03-02-01-02-08.wav
happy,data/input/voice/Actor_08\03-01-03-02-02-01-08.wav
happy,data/input/voice/Actor_08\03-01-03-02-02-02-08.wav
sad,data/input/voice/Actor_08\03-01-04-01-01-01-08.wav
sad,data/input/voice/Actor_08\03-01-04-01-01-02-08.wav
sad,data/input/voice/Actor_08\03-01-04-01-02-01-08.wav
sad,data/input/voice/Actor_08\03-01-04-01-02-02-08.wav
sad,data/input/voice/Actor_08\03-01-04-02-01-01-08.wav
sad,data/input/voice/Actor_08\03-01-04-02-01-02-08.wav
sad,data/input/voice/Actor_08\03-01-04-02-02-01-08.wav
sad,data/input/voice/Actor_08\03-01-04-02-02-02-08.wav
angry,data/input/voice/Actor_08\03-01-05-01-01-01-08.wav
angry,data/input/voice/Actor_08\03-01-05-01-01-02-08.wav
angry,data/input/voice/Actor_08\03-01-05-01-02-01-08.wav
angry,data/input/voice/Actor_08\03-01-05-01-02-02-08.wav
angry,data/input/voice/Actor_08\03-01-05-02-01-01-08.wav
angry,data/input/voice/Actor_08\03-01-05-02-01-02-08.wav
angry,data/input/voice/Actor_08\03-01-05-02-02-01-08.wav
angry,data/input/voice/Actor_08\03-01-05-02-02-02-08.wav
fear,data/input/voice/Actor_08\03-01-06-01-01-01-08.wav
fear,data/input/voice/Actor_08\03-01-06-01-01-02-08.wav
fear,data/input/voice/Actor_08\03-01-06-01-02-01-08.wav
fear,data/input/voice/Actor_08\03-01-06-01-02-02-08.wav
fear,data/input/voice/Actor_08\03-01-06-02-01-01-08.wav
fear,data/input/voice/Actor_08\03-01-06-02-01-02-08.wav
fear,data/input/voice/Actor_08\03-01-06-02-02-01-08.wav
fear,data/input/voice/Actor_08\03-01-06-02-02-02-08.wav
disgust,data/input/voice/Actor_08\03-01-07-01-01-01-08.wav
disgust,data/input/voice/Actor_08\03-01-07-01-01-02-08.wav
disgust,data/input/voice/Actor_08\03-01-07-01-02-01-08.wav
disgust,data/input/voice/Actor_08\03-01-07-01-02-02-08.wav
disgust,data/input/voice/Actor_08\03-01-07-02-01-01-08.wav
disgust,data/input/voice/Actor_08\03-01-07-02-01-02-08.wav
disgust,data/input/voice/Actor_08\03-01-07-02-02-01-08.wav
disgust,data/input/voice/Actor_08\03-01-07-02-02-02-08.wav
surprise,data/input/voice/Actor_08\03-01-08-01-01-01-08.wav
surprise,data/input/voice/Actor_08\03-01-08-01-01-02-08.wav
surprise,data/input/voice/Actor_08\03-01-08-01-02-01-08.wav
surprise,data/input/voice/Actor_08\03-01-08-01-02-02-08.wav
surprise,data/input/voice/Actor_08\03-01-08-02-01-01-08.wav
surprise,data/input/voice/Actor_08\03-01-08-02-01-02-08.wav
surprise,data/input/voice/Actor_08\03-01-08-02-02-01-08.wav
surprise,data/input/voice/Actor_08\03-01-08-02-02-02-08.wav
neutral,data/input/voice/Actor_09\03-01-01-01-01-01-09.wav
neutral,data/input/voice/Actor_09\03-01-01-01-01-02-09.wav
neutral,data/input/voice/Actor_09\03-01-01-01-02-01-09.wav
neutral,data/input/voice/Actor_09\03-01-01-01-02-02-09.wav
neutral,data/input/voice/Actor_09\03-01-02-01-01-01-09.wav
neutral,data/input/voice/Actor_09\03-01-02-01-01-02-09.wav
neutral,data/input/voice/Actor_09\03-01-02-01-02-01-09.wav
neutral,data/input/voice/Actor_09\03-01-02-01-02-02-09.wav
neutral,data/input/voice/Actor_09\03-01-02-02-01-01-09.wav
neutral,data/input/voice/Actor_09\03-01-02-02-01-02-09.wav
neutral,data/input/voice/Actor_09\03-01-02-02-02-01-09.wav
neutral,data/input/voice/Actor_09\03-01-02-02-02-02-09.wav
happy,data/input/voice/Actor_09\03-01-03-01-01-01-09.wav
happy,data/input/voice/Actor_09\03-01-03-01-01-02-09.wav
happy,data/input/voice/Actor_09\03-01-03-01-02-01-09.wav
happy,data/input/voice/Actor_09\03-01-03-01-02-02-09.wav
happy,data/input/voice/Actor_09\03-01-03-02-01-01-09.wav
happy,data/input/voice/Actor_09\03-01-03-02-01-02-09.wav
happy,data/input/voice/Actor_09\03-01-03-02-02-01-09.wav
happy,data/input/voice/Actor_09\03-01-03-02-02-02-09.wav
sad,data/input/voice/Actor_09\03-01-04-01-01-01-09.wav
sad,data/input/voice/Actor_09\03-01-04-01-01-02-09.wav
sad,data/input/voice/Actor_09\03-01-04-01-02-01-09.wav
sad,data/input/voice/Actor_09\03-01-04-01-02-02-09.wav
sad,data/input/voice/Actor_09\03-01-04-02-01-01-09.wav
sad,data/input/voice/Actor_09\03-01-04-02-01-02-09.wav
sad,data/input/voice/Actor_09\03-01-04-02-02-01-09.wav
sad,data/input/voice/Actor_09\03-01-04-02-02-02-09.wav
angry,data/input/voice/Actor_09\03-01-05-01-01-01-09.wav
angry,data/input/voice/Actor_09\03-01-05-01-01-02-09.wav
angry,data/input/voice/Actor_09\03-01-05-01-02-01-09.wav
angry,data/input/voice/Actor_09\03-01-05-01-02-02-09.wav
angry,data/input/voice/Actor_09\03-01-05-02-01-01-09.wav
angry,data/input/voice/Actor_09\03-01-05-02-01-02-09.wav
angry,data/input/voice/Actor_09\03-01-05-02-02-01-09.wav
angry,data/input/voice/Actor_09\03-01-05-02-02-02-09.wav
fear,data/input/voice/Actor_09\03-01-06-01-01-01-09.wav
fear,data/input/voice/Actor_09\03-01-06-01-01-02-09.wav
fear,data/input/voice/Actor_09\03-01-06-01-02-01-09.wav
fear,data/input/voice/Actor_09\03-01-06-01-02-02-09.wav
fear,data/input/voice/Actor_09\03-01-06-02-01-01-09.wav
fear,data/input/voice/Actor_09\03-01-06-02-01-02-09.wav
fear,data/input/voice/Actor_09\03-01-06-02-02-01-09.wav
fear,data/input/voice/Actor_09\03-01-06-02-02-02-09.wav
disgust,data/input/voice/Actor_09\03-01-07-01-01-01-09.wav
disgust,data/input/voice/Actor_09\03-01-07-01-01-02-09.wav
disgust,data/input/voice/Actor_09\03-01-07-01-02-01-09.wav
disgust,data/input/voice/Actor_09\03-01-07-01-02-02-09.wav
disgust,data/input/voice/Actor_09\03-01-07-02-01-01-09.wav
disgust,data/input/voice/Actor_09\03-01-07-02-01-02-09.wav
disgust,data/input/voice/Actor_09\03-01-07-02-02-01-09.wav
disgust,data/input/voice/Actor_09\03-01-07-02-02-02-09.wav
surprise,data/input/voice/Actor_09\03-01-08-01-01-01-09.wav
surprise,data/input/voice/Actor_09\03-01-08-01-01-02-09.wav
surprise,data/input/voice/Actor_09\03-01-08-01-02-01-09.wav
surprise,data/input/voice/Actor_09\03-01-08-01-02-02-09.wav
surprise,data/input/voice/Actor_09\03-01-08-02-01-01-09.wav
surprise,data/input/voice/Actor_09\03-01-08-02-01-02-09.wav
surprise,data/input/voice/Actor_09\03-01-08-02-02-01-09.wav
surprise,data/input/voice/Actor_09\03-01-08-02-02-02-09.wav
neutral,data/input/voice/Actor_10\03-01-01-01-01-01-10.wav
neutral,data/input/voice/Actor_10\03-01-01-01-01-02-10.wav
neutral,data/input/voice/Actor_10\03-01-01-01-02-01-10.wav
neutral,data/input/voice/Actor_10\03-01-01-01-02-02-10.wav
neutral,data/input/voice/Actor_10\03-01-02-01-01-01-10.wav
neutral,data/input/voice/Actor_10\03-01-02-01-01-02-10.wav
neutral,data/input/voice/Actor_10\03-01-02-01-02-01-10.wav
neutral,data/input/voice/Actor_10\03-01-02-01-02-02-10.wav
neutral,data/input/voice/Actor_10\03-01-02-02-01-01-10.wav
neutral,data/input/voice/Actor_10\03-01-02-02-01-02-10.wav
neutral,data/input/voice/Actor_10\03-01-02-02-02-01-10.wav
neutral,data/input/voice/Actor_10\03-01-02-02-02-02-10.wav
happy,data/input/voice/Actor_10\03-01-03-01-01-01-10.wav
happy,data/input/voice/Actor_10\03-01-03-01-01-02-10.wav
happy,data/input/voice/Actor_10\03-01-03-01-02-01-10.wav
happy,data/input/voice/Actor_10\03-01-03-01-02-02-10.wav
happy,data/input/voice/Actor_10\03-01-03-02-01-01-10.wav
happy,data/input/voice/Actor_10\03-01-03-02-01-02-10.wav
happy,data/input/voice/Actor_10\03-01-03-02-02-01-10.wav
happy,data/input/voice/Actor_10\03-01-03-02-02-02-10.wav
sad,data/input/voice/Actor_10\03-01-04-01-01-01-10.wav
sad,data/input/voice/Actor_10\03-01-04-01-01-02-10.wav
sad,data/input/voice/Actor_10\03-01-04-01-02-01-10.wav
sad,data/input/voice/Actor_10\03-01-04-01-02-02-10.wav
sad,data/input/voice/Actor_10\03-01-04-02-01-01-10.wav
sad,data/input/voice/Actor_10\03-01-04-02-01-02-10.wav
sad,data/input/voice/Actor_10\03-01-04-02-02-01-10.wav
sad,data/input/voice/Actor_10\03-01-04-02-02-02-10.wav
angry,data/input/voice/Actor_10\03-01-05-01-01-01-10.wav
angry,data/input/voice/Actor_10\03-01-05-01-01-02-10.wav
angry,data/input/voice/Actor_10\03-01-05-01-02-01-10.wav
angry,data/input/voice/Actor_10\03-01-05-01-02-02-10.wav
angry,data/input/voice/Actor_10\03-01-05-02-01-01-10.wav
angry,data/input/voice/Actor_10\03-01-05-02-01-02-10.wav
angry,data/input/voice/Actor_10\03-01-05-02-02-01-10.wav
angry,data/input/voice/Actor_10\03-01-05-02-02-02-10.wav
fear,data/input/voice/Actor_10\03-01-06-01-01-01-10.wav
fear,data/input/voice/Actor_10\03-01-06-01-01-02-10.wav
fear,data/input/voice/Actor_10\03-01-06-01-02-01-10.wav
fear,data/input/voice/Actor_10\03-01-06-01-02-02-10.wav
fear,data/input/voice/Actor_10\03-01-06-02-01-01-10.wav
fear,data/input/voice/Actor_10\03-01-06-02-01-02-10.wav
fear,data/input/voice/Actor_10\03-01-06-02-02-01-10.wav
fear,data/input/voice/Actor_10\03-01-06-02-02-02-10.wav
disgust,data/input/voice/Actor_10\03-01-07-01-01-01-10.wav
disgust,data/input/voice/Actor_10\03-01-07-01-01-02-10.wav
disgust,data/input/voice/Actor_10\03-01-07-01-02-01-10.wav
disgust,data/input/voice/Actor_10\03-01-07-01-02-02-10.wav
disgust,data/input/voice/Actor_10\03-01-07-02-01-01-10.wav
disgust,data/input/voice/Actor_10\03-01-07-02-01-02-10.wav
disgust,data/input/voice/Actor_10\03-01-07-02-02-01-10.wav
disgust,data/input/voice/Actor_10\03-01-07-02-02-02-10.wav
surprise,data/input/voice/Actor_10\03-01-08-01-01-01-10.wav
surprise,data/input/voice/Actor_10\03-01-08-01-01-02-10.wav
surprise,data/input/voice/Actor_10\03-01-08-01-02-01-10.wav
surprise,data/input/voice/Actor_10\03-01-08-01-02-02-10.wav
surprise,data/input/voice/Actor_10\03-01-08-02-01-01-10.wav
surprise,data/input/voice/Actor_10\03-01-08-02-01-02-10.wav
surprise,data/input/voice/Actor_10\03-01-08-02-02-01-10.wav
surprise,data/input/voice/Actor_10\03-01-08-02-02-02-10.wav
neutral,data/input/voice/Actor_11\03-01-01-01-01-01-11.wav
neutral,data/input/voice/Actor_11\03-01-01-01-01-02-11.wav
neutral,data/input/voice/Actor_11\03-01-01-01-02-01-11.wav
neutral,data/input/voice/Actor_11\03-01-01-01-02-02-11.wav
neutral,data/input/voice/Actor_11\03-01-02-01-01-01-11.wav
neutral,data/input/voice/Actor_11\03-01-02-01-01-02-11.wav
neutral,data/input/voice/Actor_11\03-01-02-01-02-01-11.wav
neutral,data/input/voice/Actor_11\03-01-02-01-02-02-11.wav
neutral,data/input/voice/Actor_11\03-01-02-02-01-01-11.wav
neutral,data/input/voice/Actor_11\03-01-02-02-01-02-11.wav
neutral,data/input/voice/Actor_11\03-01-02-02-02-01-11.wav
neutral,data/input/voice/Actor_11\03-01-02-02-02-02-11.wav
happy,data/input/voice/Actor_11\03-01-03-01-01-01-11.wav
happy,data/input/voice/Actor_11\03-01-03-01-01-02-11.wav
happy,data/input/voice/Actor_11\03-01-03-01-02-01-11.wav
happy,data/input/voice/Actor_11\03-01-03-01-02-02-11.wav
happy,data/input/voice/Actor_11\03-01-03-02-01-01-11.wav
happy,data/input/voice/Actor_11\03-01-03-02-01-02-11.wav
happy,data/input/voice/Actor_11\03-01-03-02-02-01-11.wav
happy,data/input/voice/Actor_11\03-01-03-02-02-02-11.wav
sad,data/input/voice/Actor_11\03-01-04-01-01-01-11.wav
sad,data/input/voice/Actor_11\03-01-04-01-01-02-11.wav
sad,data/input/voice/Actor_11\03-01-04-01-02-01-11.wav
sad,data/input/voice/Actor_11\03-01-04-01-02-02-11.wav
sad,data/input/voice/Actor_11\03-01-04-02-01-01-11.wav
sad,data/input/voice/Actor_11\03-01-04-02-01-02-11.wav
sad,data/input/voice/Actor_11\03-01-04-02-02-01-11.wav
sad,data/input/voice/Actor_11\03-01-04-02-02-02-11.wav
angry,data/input/voice/Actor_11\03-01-05-01-01-01-11.wav
angry,data/input/voice/Actor_11\03-01-05-01-01-02-11.wav
angry,data/input/voice/Actor_11\03-01-05-01-02-01-11.wav
angry,data/input/voice/Actor_11\03-01-05-01-02-02-11.wav
angry,data/input/voice/Actor_11\03-01-05-02-01-01-11.wav
angry,data/input/voice/Actor_11\03-01-05-02-01-02-11.wav
angry,data/input/voice/Actor_11\03-01-05-02-02-01-11.wav
angry,data/input/voice/Actor_11\03-01-05-02-02-02-11.wav
fear,data/input/voice/Actor_11\03-01-06-01-01-01-11.wav
fear,data/input/voice/Actor_11\03-01-06-01-01-02-11.wav
fear,data/input/voice/Actor_11\03-01-06-01-02-01-11.wav
fear,data/input/voice/Actor_11\03-01-06-01-02-02-11.wav
fear,data/input/voice/Actor_11\03-01-06-02-01-01-11.wav
fear,data/input/voice/Actor_11\03-01-06-02-01-02-11.wav
fear,data/input/voice/Actor_11\03-01-06-02-02-01-11.wav
fear,data/input/voice/Actor_11\03-01-06-02-02-02-11.wav
disgust,data/input/voice/Actor_11\03-01-07-01-01-01-11.wav
disgust,data/input/voice/Actor_11\03-01-07-01-01-02-11.wav
disgust,data/input/voice/Actor_11\03-01-07-01-02-01-11.wav
disgust,data/input/voice/Actor_11\03-01-07-01-02-02-11.wav
disgust,data/input/voice/Actor_11\03-01-07-02-01-01-11.wav
disgust,data/input/voice/Actor_11\03-01-07-02-01-02-11.wav
disgust,data/input/voice/Actor_11\03-01-07-02-02-01-11.wav
disgust,data/input/voice/Actor_11\03-01-07-02-02-02-11.wav
surprise,data/input/voice/Actor_11\03-01-08-01-01-01-11.wav
surprise,data/input/voice/Actor_11\03-01-08-01-01-02-11.wav
surprise,data/input/voice/Actor_11\03-01-08-01-02-01-11.wav
surprise,data/input/voice/Actor_11\03-01-08-01-02-02-11.wav
surprise,data/input/voice/Actor_11\03-01-08-02-01-01-11.wav
surprise,data/input/voice/Actor_11\03-01-08-02-01-02-11.wav
surprise,data/input/voice/Actor_11\03-01-08-02-02-01-11.wav
surprise,data/input/voice/Actor_11\03-01-08-02-02-02-11.wav
neutral,data/input/voice/Actor_12\03-01-01-01-01-01-12.wav
neutral,data/input/voice/Actor_12\03-01-01-01-01-02-12.wav
neutral,data/input/voice/Actor_12\03-01-01-01-02-01-12.wav
neutral,data/input/voice/Actor_12\03-01-01-01-02-02-12.wav
neutral,data/input/voice/Actor_12\03-01-02-01-01-01-12.wav
neutral,data/input/voice/Actor_12\03-01-02-01-01-02-12.wav
neutral,data/input/voice/Actor_12\03-01-02-01-02-01-12.wav
neutral,data/input/voice/Actor_12\03-01-02-01-02-02-12.wav
neutral,data/input/voice/Actor_12\03-01-02-02-01-01-12.wav
neutral,data/input/voice/Actor_12\03-01-02-02-01-02-12.wav
neutral,data/input/voice/Actor_12\03-01-02-02-02-01-12.wav
neutral,data/input/voice/Actor_12\03-01-02-02-02-02-12.wav
happy,data/input/voice/Actor_12\03-01-03-01-01-01-12.wav
happy,data/input/voice/Actor_12\03-01-03-01-01-02-12.wav
happy,data/input/voice/Actor_12\03-01-03-01-02-01-12.wav
happy,data/input/voice/Actor_12\03-01-03-01-02-02-12.wav
happy,data/input/voice/Actor_12\03-01-03-02-01-01-12.wav
happy,data/input/voice/Actor_12\03-01-03-02-01-02-12.wav
happy,data/input/voice/Actor_12\03-01-03-02-02-01-12.wav
happy,data/input/voice/Actor_12\03-01-03-02-02-02-12.wav
sad,data/input/voice/Actor_12\03-01-04-01-01-01-12.wav
sad,data/input/voice/Actor_12\03-01-04-01-01-02-12.wav
sad,data/input/voice/Actor_12\03-01-04-01-02-01-12.wav
sad,data/input/voice/Actor_12\03-01-04-01-02-02-12.wav
sad,data/input/voice/Actor_12\03-01-04-02-01-01-12.wav
sad,data/input/voice/Actor_12\03-01-04-02-01-02-12.wav
sad,data/input/voice/Actor_12\03-01-04-02-02-01-12.wav
sad,data/input/voice/Actor_12\03-01-04-02-02-02-12.wav
angry,data/input/voice/Actor_12\03-01-05-01-01-01-12.wav
angry,data/input/voice/Actor_12\03-01-05-01-01-02-12.wav
angry,data/input/voice/Actor_12\03-01-05-01-02-01-12.wav
angry,data/input/voice/Actor_12\03-01-05-01-02-02-12.wav
angry,data/input/voice/Actor_12\03-01-05-02-01-01-12.wav
angry,data/input/voice/Actor_12\03-01-05-02-01-02-12.wav
angry,data/input/voice/Actor_12\03-01-05-02-02-01-12.wav
angry,data/input/voice/Actor_12\03-01-05-02-02-02-12.wav
fear,data/input/voice/Actor_12\03-01-06-01-01-01-12.wav
fear,data/input/voice/Actor_12\03-01-06-01-01-02-12.wav
fear,data/input/voice/Actor_12\03-01-06-01-02-01-12.wav
fear,data/input/voice/Actor_12\03-01-06-01-02-02-12.wav
fear,data/input/voice/Actor_12\03-01-06-02-01-01-12.wav
fear,data/input/voice/Actor_12\03-01-06-02-01-02-12.wav
fear,data/input/voice/Actor_12\03-01-06-02-02-01-12.wav
fear,data/input/voice/Actor_12\03-01-06-02-02-02-12.wav
disgust,data/input/voice/Actor_12\03-01-07-01-01-01-12.wav
disgust,data/input/voice/Actor_12\03-01-07-01-01-02-12.wav
disgust,data/input/voice/Actor_12\03-01-07-01-02-01-12.wav
disgust,data/input/voice/Actor_12\03-01-07-01-02-02-12.wav
disgust,data/input/voice/Actor_12\03-01-07-02-01-01-12.wav
disgust,data/input/voice/Actor_12\03-01-07-02-01-02-12.wav
disgust,data/input/voice/Actor_12\03-01-07-02-02-01-12.wav
disgust,data/input/voice/Actor_12\03-01-07-02-02-02-12.wav
surprise,data/input/voice/Actor_12\03-01-08-01-01-01-12.wav
surprise,data/input/voice/Actor_12\03-01-08-01-01-02-12.wav
surprise,data/input/voice/Actor_12\03-01-08-01-02-01-12.wav
surprise,data/input/voice/Actor_12\03-01-08-01-02-02-12.wav
surprise,data/input/voice/Actor_12\03-01-08-02-01-01-12.wav
surprise,data/input/voice/Actor_12\03-01-08-02-01-02-12.wav
surprise,data/input/voice/Actor_12\03-01-08-02-02-01-12.wav
surprise,data/input/voice/Actor_12\03-01-08-02-02-02-12.wav
neutral,data/input/voice/Actor_13\03-01-01-01-01-01-13.wav
neutral,data/input/voice/Actor_13\03-01-01-01-01-02-13.wav
neutral,data/input/voice/Actor_13\03-01-01-01-02-01-13.wav
neutral,data/input/voice/Actor_13\03-01-01-01-02-02-13.wav
neutral,data/input/voice/Actor_13\03-01-02-01-01-01-13.wav
neutral,data/input/voice/Actor_13\03-01-02-01-01-02-13.wav
neutral,data/input/voice/Actor_13\03-01-02-01-02-01-13.wav
neutral,data/input/voice/Actor_13\03-01-02-01-02-02-13.wav
neutral,data/input/voice/Actor_13\03-01-02-02-01-01-13.wav
neutral,data/input/voice/Actor_13\03-01-02-02-01-02-13.wav
neutral,data/input/voice/Actor_13\03-01-02-02-02-01-13.wav
neutral,data/input/voice/Actor_13\03-01-02-02-02-02-13.wav
happy,data/input/voice/Actor_13\03-01-03-01-01-01-13.wav
happy,data/input/voice/Actor_13\03-01-03-01-01-02-13.wav
happy,data/input/voice/Actor_13\03-01-03-01-02-01-13.wav
happy,data/input/voice/Actor_13\03-01-03-01-02-02-13.wav
happy,data/input/voice/Actor_13\03-01-03-02-01-01-13.wav
happy,data/input/voice/Actor_13\03-01-03-02-01-02-13.wav
happy,data/input/voice/Actor_13\03-01-03-02-02-01-13.wav
happy,data/input/voice/Actor_13\03-01-03-02-02-02-13.wav
sad,data/input/voice/Actor_13\03-01-04-01-01-01-13.wav
sad,data/input/voice/Actor_13\03-01-04-01-01-02-13.wav
sad,data/input/voice/Actor_13\03-01-04-01-02-01-13.wav
sad,data/input/voice/Actor_13\03-01-04-01-02-02-13.wav
sad,data/input/voice/Actor_13\03-01-04-02-01-01-13.wav
sad,data/input/voice/Actor_13\03-01-04-02-01-02-13.wav
sad,data/input/voice/Actor_13\03-01-04-02-02-01-13.wav
sad,data/input/voice/Actor_13\03-01-04-02-02-02-13.wav
angry,data/input/voice/Actor_13\03-01-05-01-01-01-13.wav
angry,data/input/voice/Actor_13\03-01-05-01-01-02-13.wav
angry,data/input/voice/Actor_13\03-01-05-01-02-01-13.wav
angry,data/input/voice/Actor_13\03-01-05-01-02-02-13.wav
angry,data/input/voice/Actor_13\03-01-05-02-01-01-13.wav
angry,data/input/voice/Actor_13\03-01-05-02-01-02-13.wav
angry,data/input/voice/Actor_13\03-01-05-02-02-01-13.wav
angry,data/input/voice/Actor_13\03-01-05-02-02-02-13.wav
fear,data/input/voice/Actor_13\03-01-06-01-01-01-13.wav
fear,data/input/voice/Actor_13\03-01-06-01-01-02-13.wav
fear,data/input/voice/Actor_13\03-01-06-01-02-01-13.wav
fear,data/input/voice/Actor_13\03-01-06-01-02-02-13.wav
fear,data/input/voice/Actor_13\03-01-06-02-01-01-13.wav
fear,data/input/voice/Actor_13\03-01-06-02-01-02-13.wav
fear,data/input/voice/Actor_13\03-01-06-02-02-01-13.wav
fear,data/input/voice/Actor_13\03-01-06-02-02-02-13.wav
disgust,data/input/voice/Actor_13\03-01-07-01-01-01-13.wav
disgust,data/input/voice/Actor_13\03-01-07-01-01-02-13.wav
disgust,data/input/voice/Actor_13\03-01-07-01-02-01-13.wav
disgust,data/input/voice/Actor_13\03-01-07-01-02-02-13.wav
disgust,data/input/voice/Actor_13\03-01-07-02-01-01-13.wav
disgust,data/input/voice/Actor_13\03-01-07-02-01-02-13.wav
disgust,data/input/voice/Actor_13\03-01-07-02-02-01-13.wav
disgust,data/input/voice/Actor_13\03-01-07-02-02-02-13.wav
surprise,data/input/voice/Actor_13\03-01-08-01-01-01-13.wav
surprise,data/input/voice/Actor_13\03-01-08-01-01-02-13.wav
surprise,data/input/voice/Actor_13\03-01-08-01-02-01-13.wav
surprise,data/input/voice/Actor_13\03-01-08-01-02-02-13.wav
surprise,data/input/voice/Actor_13\03-01-08-02-01-01-13.wav
surprise,data/input/voice/Actor_13\03-01-08-02-01-02-13.wav
surprise,data/input/voice/Actor_13\03-01-08-02-02-01-13.wav
surprise,data/input/voice/Actor_13\03-01-08-02-02-02-13.wav
neutral,data/input/voice/Actor_14\03-01-01-01-01-01-14.wav
neutral,data/input/voice/Actor_14\03-01-01-01-01-02-14.wav
neutral,data/input/voice/Actor_14\03-01-01-01-02-01-14.wav
neutral,data/input/voice/Actor_14\03-01-01-01-02-02-14.wav
neutral,data/input/voice/Actor_14\03-01-02-01-01-01-14.wav
neutral,data/input/voice/Actor_14\03-01-02-01-01-02-14.wav
neutral,data/input/voice/Actor_14\03-01-02-01-02-01-14.wav
neutral,data/input/voice/Actor_14\03-01-02-01-02-02-14.wav
neutral,data/input/voice/Actor_14\03-01-02-02-01-01-14.wav
neutral,data/input/voice/Actor_14\03-01-02-02-01-02-14.wav
neutral,data/input/voice/Actor_14\03-01-02-02-02-01-14.wav
neutral,data/input/voice/Actor_14\03-01-02-02-02-02-14.wav
happy,data/input/voice/Actor_14\03-01-03-01-01-01-14.wav
happy,data/input/voice/Actor_14\03-01-03-01-01-02-14.wav
happy,data/input/voice/Actor_14\03-01-03-01-02-01-14.wav
happy,data/input/voice/Actor_14\03-01-03-01-02-02-14.wav
happy,data/input/voice/Actor_14\03-01-03-02-01-01-14.wav
happy,data/input/voice/Actor_14\03-01-03-02-01-02-14.wav
happy,data/input/voice/Actor_14\03-01-03-02-02-01-14.wav
happy,data/input/voice/Actor_14\03-01-03-02-02-02-14.wav
sad,data/input/voice/Actor_14\03-01-04-01-01-01-14.wav
sad,data/input/voice/Actor_14\03-01-04-01-01-02-14.wav
sad,data/input/voice/Actor_14\03-01-04-01-02-01-14.wav
sad,data/input/voice/Actor_14\03-01-04-01-02-02-14.wav
sad,data/input/voice/Actor_14\03-01-04-02-01-01-14.wav
sad,data/input/voice/Actor_14\03-01-04-02-01-02-14.wav
sad,data/input/voice/Actor_14\03-01-04-02-02-01-14.wav
sad,data/input/voice/Actor_14\03-01-04-02-02-02-14.wav
angry,data/input/voice/Actor_14\03-01-05-01-01-01-14.wav
angry,data/input/voice/Actor_14\03-01-05-01-01-02-14.wav
angry,data/input/voice/Actor_14\03-01-05-01-02-01-14.wav
angry,data/input/voice/Actor_14\03-01-05-01-02-02-14.wav
angry,data/input/voice/Actor_14\03-01-05-02-01-01-14.wav
angry,data/input/voice/Actor_14\03-01-05-02-01-02-14.wav
angry,data/input/voice/Actor_14\03-01-05-02-02-01-14.wav
angry,data/input/voice/Actor_14\03-01-05-02-02-02-14.wav
fear,data/input/voice/Actor_14\03-01-06-01-01-01-14.wav
fear,data/input/voice/Actor_14\03-01-06-01-01-02-14.wav
fear,data/input/voice/Actor_14\03-01-06-01-02-01-14.wav
fear,data/input/voice/Actor_14\03-01-06-01-02-02-14.wav
fear,data/input/voice/Actor_14\03-01-06-02-01-01-14.wav
fear,data/input/voice/Actor_14\03-01-06-02-01-02-14.wav
fear,data/input/voice/Actor_14\03-01-06-02-02-01-14.wav
fear,data/input/voice/Actor_14\03-01-06-02-02-02-14.wav
disgust,data/input/voice/Actor_14\03-01-07-01-01-01-14.wav
disgust,data/input/voice/Actor_14\03-01-07-01-01-02-14.wav
disgust,data/input/voice/Actor_14\03-01-07-01-02-01-14.wav
disgust,data/input/voice/Actor_14\03-01-07-01-02-02-14.wav
disgust,data/input/voice/Actor_14\03-01-07-02-01-01-14.wav
disgust,data/input/voice/Actor_14\03-01-07-02-01-02-14.wav
disgust,data/input/voice/Actor_14\03-01-07-02-02-01-14.wav
disgust,data/input/voice/Actor_14\03-01-07-02-02-02-14.wav
surprise,data/input/voice/Actor_14\03-01-08-01-01-01-14.wav
surprise,data/input/voice/Actor_14\03-01-08-01-01-02-14.wav
surprise,data/input/voice/Actor_14\03-01-08-01-02-01-14.wav
surprise,data/input/voice/Actor_14\03-01-08-01-02-02-14.wav
surprise,data/input/voice/Actor_14\03-01-08-02-01-01-14.wav
surprise,data/input/voice/Actor_14\03-01-08-02-01-02-14.wav
surprise,data/input/voice/Actor_14\03-01-08-02-02-01-14.wav
surprise,data/input/voice/Actor_14\03-01-08-02-02-02-14.wav
neutral,data/input/voice/Actor_15\03-01-01-01-01-01-15.wav
neutral,data/input/voice/Actor_15\03-01-01-01-01-02-15.wav
neutral,data/input/voice/Actor_15\03-01-01-01-02-01-15.wav
neutral,data/input/voice/Actor_15\03-01-01-01-02-02-15.wav
neutral,data/input/voice/Actor_15\03-01-02-01-01-01-15.wav
neutral,data/input/voice/Actor_15\03-01-02-01-01-02-15.wav
neutral,data/input/voice/Actor_15\03-01-02-01-02-01-15.wav
neutral,data/input/voice/Actor_15\03-01-02-01-02-02-15.wav
neutral,data/input/voice/Actor_15\03-01-02-02-01-01-15.wav
neutral,data/input/voice/Actor_15\03-01-02-02-01-02-15.wav
neutral,data/input/voice/Actor_15\03-01-02-02-02-01-15.wav
neutral,data/input/voice/Actor_15\03-01-02-02-02-02-15.wav
happy,data/input/voice/Actor_15\03-01-03-01-01-01-15.wav
happy,data/input/voice/Actor_15\03-01-03-01-01-02-15.wav
happy,data/input/voice/Actor_15\03-01-03-01-02-01-15.wav
happy,data/input/voice/Actor_15\03-01-03-01-02-02-15.wav
happy,data/input/voice/Actor_15\03-01-03-02-01-01-15.wav
happy,data/input/voice/Actor_15\03-01-03-02-01-02-15.wav
happy,data/input/voice/Actor_15\03-01-03-02-02-01-15.wav
happy,data/input/voice/Actor_15\03-01-03-02-02-02-15.wav
sad,data/input/voice/Actor_15\03-01-04-01-01-01-15.wav
sad,data/input/voice/Actor_15\03-01-04-01-01-02-15.wav
sad,data/input/voice/Actor_15\03-01-04-01-02-01-15.wav
sad,data/input/voice/Actor_15\03-01-04-01-02-02-15.wav
sad,data/input/voice/Actor_15\03-01-04-02-01-01-15.wav
sad,data/input/voice/Actor_15\03-01-04-02-01-02-15.wav
sad,data/input/voice/Actor_15\03-01-04-02-02-01-15.wav
sad,data/input/voice/Actor_15\03-01-04-02-02-02-15.wav
angry,data/input/voice/Actor_15\03-01-05-01-01-01-15.wav
angry,data/input/voice/Actor_15\03-01-05-01-01-02-15.wav
angry,data/input/voice/Actor_15\03-01-05-01-02-01-15.wav
angry,data/input/voice/Actor_15\03-01-05-01-02-02-15.wav
angry,data/input/voice/Actor_15\03-01-05-02-01-01-15.wav
angry,data/input/voice/Actor_15\03-01-05-02-01-02-15.wav
angry,data/input/voice/Actor_15\03-01-05-02-02-01-15.wav
angry,data/input/voice/Actor_15\03-01-05-02-02-02-15.wav
fear,data/input/voice/Actor_15\03-01-06-01-01-01-15.wav
fear,data/input/voice/Actor_15\03-01-06-01-01-02-15.wav
fear,data/input/voice/Actor_15\03-01-06-01-02-01-15.wav
fear,data/input/voice/Actor_15\03-01-06-01-02-02-15.wav
fear,data/input/voice/Actor_15\03-01-06-02-01-01-15.wav
fear,data/input/voice/Actor_15\03-01-06-02-01-02-15.wav
fear,data/input/voice/Actor_15\03-01-06-02-02-01-15.wav
fear,data/input/voice/Actor_15\03-01-06-02-02-02-15.wav
disgust,data/input/voice/Actor_15\03-01-07-01-01-01-15.wav
disgust,data/input/voice/Actor_15\03-01-07-01-01-02-15.wav
disgust,data/input/voice/Actor_15\03-01-07-01-02-01-15.wav
disgust,data/input/voice/Actor_15\03-01-07-01-02-02-15.wav
disgust,data/input/voice/Actor_15\03-01-07-02-01-01-15.wav
disgust,data/input/voice/Actor_15\03-01-07-02-01-02-15.wav
disgust,data/input/voice/Actor_15\03-01-07-02-02-01-15.wav
disgust,data/input/voice/Actor_15\03-01-07-02-02-02-15.wav
surprise,data/input/voice/Actor_15\03-01-08-01-01-01-15.wav
surprise,data/input/voice/Actor_15\03-01-08-01-01-02-15.wav
surprise,data/input/voice/Actor_15\03-01-08-01-02-01-15.wav
surprise,data/input/voice/Actor_15\03-01-08-01-02-02-15.wav
surprise,data/input/voice/Actor_15\03-01-08-02-01-01-15.wav
surprise,data/input/voice/Actor_15\03-01-08-02-01-02-15.wav
surprise,data/input/voice/Actor_15\03-01-08-02-02-01-15.wav
surprise,data/input/voice/Actor_15\03-01-08-02-02-02-15.wav
neutral,data/input/voice/Actor_16\03-01-01-01-01-01-16.wav
neutral,data/input/voice/Actor_16\03-01-01-01-01-02-16.wav
neutral,data/input/voice/Actor_16\03-01-01-01-02-01-16.wav
neutral,data/input/voice/Actor_16\03-01-01-01-02-02-16.wav
neutral,data/input/voice/Actor_16\03-01-02-01-01-01-16.wav
neutral,data/input/voice/Actor_16\03-01-02-01-01-02-16.wav
neutral,data/input/voice/Actor_16\03-01-02-01-02-01-16.wav
neutral,data/input/voice/Actor_16\03-01-02-01-02-02-16.wav
neutral,data/input/voice/Actor_16\03-01-02-02-01-01-16.wav
neutral,data/input/voice/Actor_16\03-01-02-02-01-02-16.wav
neutral,data/input/voice/Actor_16\03-01-02-02-02-01-16.wav
neutral,data/input/voice/Actor_16\03-01-02-02-02-02-16.wav
happy,data/input/voice/Actor_16\03-01-03-01-01-01-16.wav
happy,data/input/voice/Actor_16\03-01-03-01-01-02-16.wav
happy,data/input/voice/Actor_16\03-01-03-01-02-01-16.wav
happy,data/input/voice/Actor_16\03-01-03-01-02-02-16.wav
happy,data/input/voice/Actor_16\03-01-03-02-01-01-16.wav
happy,data/input/voice/Actor_16\03-01-03-02-01-02-16.wav
happy,data/input/voice/Actor_16\03-01-03-02-02-01-16.wav
happy,data/input/voice/Actor_16\03-01-03-02-02-02-16.wav
sad,data/input/voice/Actor_16\03-01-04-01-01-01-16.wav
sad,data/input/voice/Actor_16\03-01-04-01-01-02-16.wav
sad,data/input/voice/Actor_16\03-01-04-01-02-01-16.wav
sad,data/input/voice/Actor_16\03-01-04-01-02-02-16.wav
sad,data/input/voice/Actor_16\03-01-04-02-01-01-16.wav
sad,data/input/voice/Actor_16\03-01-04-02-01-02-16.wav
sad,data/input/voice/Actor_16\03-01-04-02-02-01-16.wav
sad,data/input/voice/Actor_16\03-01-04-02-02-02-16.wav
angry,data/input/voice/Actor_16\03-01-05-01-01-01-16.wav
angry,data/input/voice/Actor_16\03-01-05-01-01-02-16.wav
angry,data/input/voice/Actor_16\03-01-05-01-02-01-16.wav
angry,data/input/voice/Actor_16\03-01-05-01-02-02-16.wav
angry,data/input/voice/Actor_16\03-01-05-02-01-01-16.wav
angry,data/input/voice/Actor_16\03-01-05-02-01-02-16.wav
angry,data/input/voice/Actor_16\03-01-05-02-02-01-16.wav
angry,data/input/voice/Actor_16\03-01-05-02-02-02-16.wav
fear,data/input/voice/Actor_16\03-01-06-01-01-01-16.wav
fear,data/input/voice/Actor_16\03-01-06-01-01-02-16.wav
fear,data/input/voice/Actor_16\03-01-06-01-02-01-16.wav
fear,data/input/voice/Actor_16\03-01-06-01-02-02-16.wav
fear,data/input/voice/Actor_16\03-01-06-02-01-01-16.wav
fear,data/input/voice/Actor_16\03-01-06-02-01-02-16.wav
fear,data/input/voice/Actor_16\03-01-06-02-02-01-16.wav
fear,data/input/voice/Actor_16\03-01-06-02-02-02-16.wav
disgust,data/input/voice/Actor_16\03-01-07-01-01-01-16.wav
disgust,data/input/voice/Actor_16\03-01-07-01-01-02-16.wav
disgust,data/input/voice/Actor_16\03-01-07-01-02-01-16.wav
disgust,data/input/voice/Actor_16\03-01-07-01-02-02-16.wav
disgust,data/input/voice/Actor_16\03-01-07-02-01-01-16.wav
disgust,data/input/voice/Actor_16\03-01-07-02-01-02-16.wav
disgust,data/input/voice/Actor_16\03-01-07-02-02-01-16.wav
disgust,data/input/voice/Actor_16\03-01-07-02-02-02-16.wav
surprise,data/input/voice/Actor_16\03-01-08-01-01-01-16.wav
surprise,data/input/voice/Actor_16\03-01-08-01-01-02-16.wav
surprise,data/input/voice/Actor_16\03-01-08-01-02-01-16.wav
surprise,data/input/voice/Actor_16\03-01-08-01-02-02-16.wav
surprise,data/input/voice/Actor_16\03-01-08-02-01-01-16.wav
surprise,data/input/voice/Actor_16\03-01-08-02-01-02-16.wav
surprise,data/input/voice/Actor_16\03-01-08-02-02-01-16.wav
surprise,data/input/voice/Actor_16\03-01-08-02-02-02-16.wav
neutral,data/input/voice/Actor_17\03-01-01-01-01-01-17.wav
neutral,data/input/voice/Actor_17\03-01-01-01-01-02-17.wav
neutral,data/input/voice/Actor_17\03-01-01-01-02-01-17.wav
neutral,data/input/voice/Actor_17\03-01-01-01-02-02-17.wav
neutral,data/input/voice/Actor_17\03-01-02-01-01-01-17.wav
neutral,data/input/voice/Actor_17\03-01-02-01-01-02-17.wav
neutral,data/input/voice/Actor_17\03-01-02-01-02-01-17.wav
neutral,data/input/voice/Actor_17\03-01-02-01-02-02-17.wav
neutral,data/input/voice/Actor_17\03-01-02-02-01-01-17.wav
neutral,data/input/voice/Actor_17\03-01-02-02-01-02-17.wav
neutral,data/input/voice/Actor_17\03-01-02-02-02-01-17.wav
neutral,data/input/voice/Actor_17\03-01-02-02-02-02-17.wav
happy,data/input/voice/Actor_17\03-01-03-01-01-01-17.wav
happy,data/input/voice/Actor_17\03-01-03-01-01-02-17.wav
happy,data/input/voice/Actor_17\03-01-03-01-02-01-17.wav
happy,data/input/voice/Actor_17\03-01-03-01-02-02-17.wav
happy,data/input/voice/Actor_17\03-01-03-02-01-01-17.wav
happy,data/input/voice/Actor_17\03-01-03-02-01-02-17.wav
happy,data/input/voice/Actor_17\03-01-03-02-02-01-17.wav
happy,data/input/voice/Actor_17\03-01-03-02-02-02-17.wav
sad,data/input/voice/Actor_17\03-01-04-01-01-01-17.wav
sad,data/input/voice/Actor_17\03-01-04-01-01-02-17.wav
sad,data/input/voice/Actor_17\03-01-04-01-02-01-17.wav
sad,data/input/voice/Actor_17\03-01-04-01-02-02-17.wav
sad,data/input/voice/Actor_17\03-01-04-02-01-01-17.wav
sad,data/input/voice/Actor_17\03-01-04-02-01-02-17.wav
sad,data/input/voice/Actor_17\03-01-04-02-02-01-17.wav
sad,data/input/voice/Actor_17\03-01-04-02-02-02-17.wav
angry,data/input/voice/Actor_17\03-01-05-01-01-01-17.wav
angry,data/input/voice/Actor_17\03-01-05-01-01-02-17.wav
angry,data/input/voice/Actor_17\03-01-05-01-02-01-17.wav
angry,data/input/voice/Actor_17\03-01-05-01-02-02-17.wav
angry,data/input/voice/Actor_17\03-01-05-02-01-01-17.wav
angry,data/input/voice/Actor_17\03-01-05-02-01-02-17.wav
angry,data/input/voice/Actor_17\03-01-05-02-02-01-17.wav
angry,data/input/voice/Actor_17\03-01-05-02-02-02-17.wav
fear,data/input/voice/Actor_17\03-01-06-01-01-01-17.wav
fear,data/input/voice/Actor_17\03-01-06-01-01-02-17.wav
fear,data/input/voice/Actor_17\03-01-06-01-02-01-17.wav
fear,data/input/voice/Actor_17\03-01-06-01-02-02-17.wav
fear,data/input/voice/Actor_17\03-01-06-02-01-01-17.wav
fear,data/input/voice/Actor_17\03-01-06-02-01-02-17.wav
fear,data/input/voice/Actor_17\03-01-06-02-02-01-17.wav
fear,data/input/voice/Actor_17\03-01-06-02-02-02-17.wav
disgust,data/input/voice/Actor_17\03-01-07-01-01-01-17.wav
disgust,data/input/voice/Actor_17\03-01-07-01-01-02-17.wav
disgust,data/input/voice/Actor_17\03-01-07-01-02-01-17.wav
disgust,data/input/voice/Actor_17\03-01-07-01-02-02-17.wav
disgust,data/input/voice/Actor_17\03-01-07-02-01-01-17.wav
disgust,data/input/voice/Actor_17\03-01-07-02-01-02-17.wav
disgust,data/input/voice/Actor_17\03-01-07-02-02-01-17.wav
disgust,data/input/voice/Actor_17\03-01-07-02-02-02-17.wav
surprise,data/input/voice/Actor_17\03-01-08-01-01-01-17.wav
surprise,data/input/voice/Actor_17\03-01-08-01-01-02-17.wav
surprise,data/input/voice/Actor_17\03-01-08-01-02-01-17.wav
surprise,data/input/voice/Actor_17\03-01-08-01-02-02-17.wav
surprise,data/input/voice/Actor_17\03-01-08-02-01-01-17.wav
surprise,data/input/voice/Actor_17\03-01-08-02-01-02-17.wav
surprise,data/input/voice/Actor_17\03-01-08-02-02-01-17.wav
surprise,data/input/voice/Actor_17\03-01-08-02-02-02-17.wav
neutral,data/input/voice/Actor_18\03-01-01-01-01-01-18.wav
neutral,data/input/voice/Actor_18\03-01-01-01-01-02-18.wav
neutral,data/input/voice/Actor_18\03-01-01-01-02-01-18.wav
neutral,data/input/voice/Actor_18\03-01-01-01-02-02-18.wav
neutral,data/input/voice/Actor_18\03-01-02-01-01-01-18.wav
neutral,data/input/voice/Actor_18\03-01-02-01-01-02-18.wav
neutral,data/input/voice/Actor_18\03-01-02-01-02-01-18.wav
neutral,data/input/voice/Actor_18\03-01-02-01-02-02-18.wav
neutral,data/input/voice/Actor_18\03-01-02-02-01-01-18.wav
neutral,data/input/voice/Actor_18\03-01-02-02-01-02-18.wav
neutral,data/input/voice/Actor_18\03-01-02-02-02-01-18.wav
neutral,data/input/voice/Actor_18\03-01-02-02-02-02-18.wav
happy,data/input/voice/Actor_18\03-01-03-01-01-01-18.wav
happy,data/input/voice/Actor_18\03-01-03-01-01-02-18.wav
happy,data/input/voice/Actor_18\03-01-03-01-02-01-18.wav
happy,data/input/voice/Actor_18\03-01-03-01-02-02-18.wav
happy,data/input/voice/Actor_18\03-01-03-02-01-01-18.wav
happy,data/input/voice/Actor_18\03-01-03-02-01-02-18.wav
happy,data/input/voice/Actor_18\03-01-03-02-02-01-18.wav
happy,data/input/voice/Actor_18\03-01-03-02-02-02-18.wav
sad,data/input/voice/Actor_18\03-01-04-01-01-01-18.wav
sad,data/input/voice/Actor_18\03-01-04-01-01-02-18.wav
sad,data/input/voice/Actor_18\03-01-04-01-02-01-18.wav
sad,data/input/voice/Actor_18\03-01-04-01-02-02-18.wav
sad,data/input/voice/Actor_18\03-01-04-02-01-01-18.wav
sad,data/input/voice/Actor_18\03-01-04-02-01-02-18.wav
sad,data/input/voice/Actor_18\03-01-04-02-02-01-18.wav
sad,data/input/voice/Actor_18\03-01-04-02-02-02-18.wav
angry,data/input/voice/Actor_18\03-01-05-01-01-01-18.wav
angry,data/input/voice/Actor_18\03-01-05-01-01-02-18.wav
angry,data/input/voice/Actor_18\03-01-05-01-02-01-18.wav
angry,data/input/voice/Actor_18\03-01-05-01-02-02-18.wav
angry,data/input/voice/Actor_18\03-01-05-02-01-01-18.wav
angry,data/input/voice/Actor_18\03-01-05-02-01-02-18.wav
angry,data/input/voice/Actor_18\03-01-05-02-02-01-18.wav
angry,data/input/voice/Actor_18\03-01-05-02-02-02-18.wav
fear,data/input/voice/Actor_18\03-01-06-01-01-01-18.wav
fear,data/input/voice/Actor_18\03-01-06-01-01-02-18.wav
fear,data/input/voice/Actor_18\03-01-06-01-02-01-18.wav
fear,data/input/voice/Actor_18\03-01-06-01-02-02-18.wav
fear,data/input/voice/Actor_18\03-01-06-02-01-01-18.wav
fear,data/input/voice/Actor_18\03-01-06-02-01-02-18.wav
fear,data/input/voice/Actor_18\03-01-06-02-02-01-18.wav
fear,data/input/voice/Actor_18\03-01-06-02-02-02-18.wav
disgust,data/input/voice/Actor_18\03-01-07-01-01-01-18.wav
disgust,data/input/voice/Actor_18\03-01-07-01-01-02-18.wav
disgust,data/input/voice/Actor_18\03-01-07-01-02-01-18.wav
disgust,data/input/voice/Actor_18\03-01-07-01-02-02-18.wav
disgust,data/input/voice/Actor_18\03-01-07-02-01-01-18.wav
disgust,data/input/voice/Actor_18\03-01-07-02-01-02-18.wav
disgust,data/input/voice/Actor_18\03-01-07-02-02-01-18.wav
disgust,data/input/voice/Actor_18\03-01-07-02-02-02-18.wav
surprise,data/input/voice/Actor_18\03-01-08-01-01-01-18.wav
surprise,data/input/voice/Actor_18\03-01-08-01-01-02-18.wav
surprise,data/input/voice/Actor_18\03-01-08-01-02-01-18.wav
surprise,data/input/voice/Actor_18\03-01-08-01-02-02-18.wav
surprise,data/input/voice/Actor_18\03-01-08-02-01-01-18.wav
surprise,data/input/voice/Actor_18\03-01-08-02-01-02-18.wav
surprise,data/input/voice/Actor_18\03-01-08-02-02-01-18.wav
surprise,data/input/voice/Actor_18\03-01-08-02-02-02-18.wav
neutral,data/input/voice/Actor_19\03-01-01-01-01-01-19.wav
neutral,data/input/voice/Actor_19\03-01-01-01-01-02-19.wav
neutral,data/input/voice/Actor_19\03-01-01-01-02-01-19.wav
neutral,data/input/voice/Actor_19\03-01-01-01-02-02-19.wav
neutral,data/input/voice/Actor_19\03-01-02-01-01-01-19.wav
neutral,data/input/voice/Actor_19\03-01-02-01-01-02-19.wav
neutral,data/input/voice/Actor_19\03-01-02-01-02-01-19.wav
neutral,data/input/voice/Actor_19\03-01-02-01-02-02-19.wav
neutral,data/input/voice/Actor_19\03-01-02-02-01-01-19.wav
neutral,data/input/voice/Actor_19\03-01-02-02-01-02-19.wav
neutral,data/input/voice/Actor_19\03-01-02-02-02-01-19.wav
neutral,data/input/voice/Actor_19\03-01-02-02-02-02-19.wav
happy,data/input/voice/Actor_19\03-01-03-01-01-01-19.wav
happy,data/input/voice/Actor_19\03-01-03-01-01-02-19.wav
happy,data/input/voice/Actor_19\03-01-03-01-02-01-19.wav
happy,data/input/voice/Actor_19\03-01-03-01-02-02-19.wav
happy,data/input/voice/Actor_19\03-01-03-02-01-01-19.wav
happy,data/input/voice/Actor_19\03-01-03-02-01-02-19.wav
happy,data/input/voice/Actor_19\03-01-03-02-02-01-19.wav
happy,data/input/voice/Actor_19\03-01-03-02-02-02-19.wav
sad,data/input/voice/Actor_19\03-01-04-01-01-01-19.wav
sad,data/input/voice/Actor_19\03-01-04-01-01-02-19.wav
sad,data/input/voice/Actor_19\03-01-04-01-02-01-19.wav
sad,data/input/voice/Actor_19\03-01-04-01-02-02-19.wav
sad,data/input/voice/Actor_19\03-01-04-02-01-01-19.wav
sad,data/input/voice/Actor_19\03-01-04-02-01-02-19.wav
sad,data/input/voice/Actor_19\03-01-04-02-02-01-19.wav
sad,data/input/voice/Actor_19\03-01-04-02-02-02-19.wav
angry,data/input/voice/Actor_19\03-01-05-01-01-01-19.wav
angry,data/input/voice/Actor_19\03-01-05-01-01-02-19.wav
angry,data/input/voice/Actor_19\03-01-05-01-02-01-19.wav
angry,data/input/voice/Actor_19\03-01-05-01-02-02-19.wav
angry,data/input/voice/Actor_19\03-01-05-02-01-01-19.wav
angry,data/input/voice/Actor_19\03-01-05-02-01-02-19.wav
angry,data/input/voice/Actor_19\03-01-05-02-02-01-19.wav
angry,data/input/voice/Actor_19\03-01-05-02-02-02-19.wav
fear,data/input/voice/Actor_19\03-01-06-01-01-01-19.wav
fear,data/input/voice/Actor_19\03-01-06-01-01-02-19.wav
fear,data/input/voice/Actor_19\03-01-06-01-02-01-19.wav
fear,data/input/voice/Actor_19\03-01-06-01-02-02-19.wav
fear,data/input/voice/Actor_19\03-01-06-02-01-01-19.wav
fear,data/input/voice/Actor_19\03-01-06-02-01-02-19.wav
fear,data/input/voice/Actor_19\03-01-06-02-02-01-19.wav
fear,data/input/voice/Actor_19\03-01-06-02-02-02-19.wav
disgust,data/input/voice/Actor_19\03-01-07-01-01-01-19.wav
disgust,data/input/voice/Actor_19\03-01-07-01-01-02-19.wav
disgust,data/input/voice/Actor_19\03-01-07-01-02-01-19.wav
disgust,data/input/voice/Actor_19\03-01-07-01-02-02-19.wav
disgust,data/input/voice/Actor_19\03-01-07-02-01-01-19.wav
disgust,data/input/voice/Actor_19\03-01-07-02-01-02-19.wav
disgust,data/input/voice/Actor_19\03-01-07-02-02-01-19.wav
disgust,data/input/voice/Actor_19\03-01-07-02-02-02-19.wav
surprise,data/input/voice/Actor_19\03-01-08-01-01-01-19.wav
surprise,data/input/voice/Actor_19\03-01-08-01-01-02-19.wav
surprise,data/input/voice/Actor_19\03-01-08-01-02-01-19.wav
surprise,data/input/voice/Actor_19\03-01-08-01-02-02-19.wav
surprise,data/input/voice/Actor_19\03-01-08-02-01-01-19.wav
surprise,data/input/voice/Actor_19\03-01-08-02-01-02-19.wav
surprise,data/input/voice/Actor_19\03-01-08-02-02-01-19.wav
surprise,data/input/voice/Actor_19\03-01-08-02-02-02-19.wav
neutral,data/input/voice/Actor_20\03-01-01-01-01-01-20.wav
neutral,data/input/voice/Actor_20\03-01-01-01-01-02-20.wav
neutral,data/input/voice/Actor_20\03-01-01-01-02-01-20.wav
neutral,data/input/voice/Actor_20\03-01-01-01-02-02-20.wav
neutral,data/input/voice/Actor_20\03-01-02-01-01-01-20.wav
neutral,data/input/voice/Actor_20\03-01-02-01-01-02-20.wav
neutral,data/input/voice/Actor_20\03-01-02-01-02-01-20.wav
neutral,data/input/voice/Actor_20\03-01-02-01-02-02-20.wav
neutral,data/input/voice/Actor_20\03-01-02-02-01-01-20.wav
neutral,data/input/voice/Actor_20\03-01-02-02-01-02-20.wav
neutral,data/input/voice/Actor_20\03-01-02-02-02-01-20.wav
neutral,data/input/voice/Actor_20\03-01-02-02-02-02-20.wav
happy,data/input/voice/Actor_20\03-01-03-01-01-01-20.wav
happy,data/input/voice/Actor_20\03-01-03-01-01-02-20.wav
happy,data/input/voice/Actor_20\03-01-03-01-02-01-20.wav
happy,data/input/voice/Actor_20\03-01-03-01-02-02-20.wav
happy,data/input/voice/Actor_20\03-01-03-02-01-01-20.wav
happy,data/input/voice/Actor_20\03-01-03-02-01-02-20.wav
happy,data/input/voice/Actor_20\03-01-03-02-02-01-20.wav
happy,data/input/voice/Actor_20\03-01-03-02-02-02-20.wav
sad,data/input/voice/Actor_20\03-01-04-01-01-01-20.wav
sad,data/input/voice/Actor_20\03-01-04-01-01-02-20.wav
sad,data/input/voice/Actor_20\03-01-04-01-02-01-20.wav
sad,data/input/voice/Actor_20\03-01-04-01-02-02-20.wav
sad,data/input/voice/Actor_20\03-01-04-02-01-01-20.wav
sad,data/input/voice/Actor_20\03-01-04-02-01-02-20.wav
sad,data/input/voice/Actor_20\03-01-04-02-02-01-20.wav
sad,data/input/voice/Actor_20\03-01-04-02-02-02-20.wav
angry,data/input/voice/Actor_20\03-01-05-01-01-01-20.wav
angry,data/input/voice/Actor_20\03-01-05-01-01-02-20.wav
angry,data/input/voice/Actor_20\03-01-05-01-02-01-20.wav
angry,data/input/voice/Actor_20\03-01-05-01-02-02-20.wav
angry,data/input/voice/Actor_20\03-01-05-02-01-01-20.wav
angry,data/input/voice/Actor_20\03-01-05-02-01-02-20.wav
angry,data/input/voice/Actor_20\03-01-05-02-02-01-20.wav
angry,data/input/voice/Actor_20\03-01-05-02-02-02-20.wav
fear,data/input/voice/Actor_20\03-01-06-01-01-01-20.wav
fear,data/input/voice/Actor_20\03-01-06-01-01-02-20.wav
fear,data/input/voice/Actor_20\03-01-06-01-02-01-20.wav
fear,data/input/voice/Actor_20\03-01-06-01-02-02-20.wav
fear,data/input/voice/Actor_20\03-01-06-02-01-01-20.wav
fear,data/input/voice/Actor_20\03-01-06-02-01-02-20.wav
fear,data/input/voice/Actor_20\03-01-06-02-02-01-20.wav
fear,data/input/voice/Actor_20\03-01-06-02-02-02-20.wav
disgust,data/input/voice/Actor_20\03-01-07-01-01-01-20.wav
disgust,data/input/voice/Actor_20\03-01-07-01-01-02-20.wav
disgust,data/input/voice/Actor_20\03-01-07-01-02-01-20.wav
disgust,data/input/voice/Actor_20\03-01-07-01-02-02-20.wav
disgust,data/input/voice/Actor_20\03-01-07-02-01-01-20.wav
disgust,data/input/voice/Actor_20\03-01-07-02-01-02-20.wav
disgust,data/input/voice/Actor_20\03-01-07-02-02-01-20.wav
disgust,data/input/voice/Actor_20\03-01-07-02-02-02-20.wav
surprise,data/input/voice/Actor_20\03-01-08-01-01-01-20.wav
surprise,data/input/voice/Actor_20\03-01-08-01-01-02-20.wav
surprise,data/input/voice/Actor_20\03-01-08-01-02-01-20.wav
surprise,data/input/voice/Actor_20\03-01-08-01-02-02-20.wav
surprise,data/input/voice/Actor_20\03-01-08-02-01-01-20.wav
surprise,data/input/voice/Actor_20\03-01-08-02-01-02-20.wav
surprise,data/input/voice/Actor_20\03-01-08-02-02-01-20.wav
surprise,data/input/voice/Actor_20\03-01-08-02-02-02-20.wav
neutral,data/input/voice/Actor_21\03-01-01-01-01-01-21.wav
neutral,data/input/voice/Actor_21\03-01-01-01-01-02-21.wav
neutral,data/input/voice/Actor_21\03-01-01-01-02-01-21.wav
neutral,data/input/voice/Actor_21\03-01-01-01-02-02-21.wav
neutral,data/input/voice/Actor_21\03-01-02-01-01-01-21.wav
neutral,data/input/voice/Actor_21\03-01-02-01-01-02-21.wav
neutral,data/input/voice/Actor_21\03-01-02-01-02-01-21.wav
neutral,data/input/voice/Actor_21\03-01-02-01-02-02-21.wav
neutral,data/input/voice/Actor_21\03-01-02-02-01-01-21.wav
neutral,data/input/voice/Actor_21\03-01-02-02-01-02-21.wav
neutral,data/input/voice/Actor_21\03-01-02-02-02-01-21.wav
neutral,data/input/voice/Actor_21\03-01-02-02-02-02-21.wav
happy,data/input/voice/Actor_21\03-01-03-01-01-01-21.wav
happy,data/input/voice/Actor_21\03-01-03-01-01-02-21.wav
happy,data/input/voice/Actor_21\03-01-03-01-02-01-21.wav
happy,data/input/voice/Actor_21\03-01-03-01-02-02-21.wav
happy,data/input/voice/Actor_21\03-01-03-02-01-01-21.wav
happy,data/input/voice/Actor_21\03-01-03-02-01-02-21.wav
happy,data/input/voice/Actor_21\03-01-03-02-02-01-21.wav
happy,data/input/voice/Actor_21\03-01-03-02-02-02-21.wav
sad,data/input/voice/Actor_21\03-01-04-01-01-01-21.wav
sad,data/input/voice/Actor_21\03-01-04-01-01-02-21.wav
sad,data/input/voice/Actor_21\03-01-04-01-02-01-21.wav
sad,data/input/voice/Actor_21\03-01-04-01-02-02-21.wav
sad,data/input/voice/Actor_21\03-01-04-02-01-01-21.wav
sad,data/input/voice/Actor_21\03-01-04-02-01-02-21.wav
sad,data/input/voice/Actor_21\03-01-04-02-02-01-21.wav
sad,data/input/voice/Actor_21\03-01-04-02-02-02-21.wav
angry,data/input/voice/Actor_21\03-01-05-01-01-01-21.wav
angry,data/input/voice/Actor_21\03-01-05-01-01-02-21.wav
angry,data/input/voice/Actor_21\03-01-05-01-02-01-21.wav
angry,data/input/voice/Actor_21\03-01-05-01-02-02-21.wav
angry,data/input/voice/Actor_21\03-01-05-02-01-01-21.wav
angry,data/input/voice/Actor_21\03-01-05-02-01-02-21.wav
angry,data/input/voice/Actor_21\03-01-05-02-02-01-21.wav
angry,data/input/voice/Actor_21\03-01-05-02-02-02-21.wav
fear,data/input/voice/Actor_21\03-01-06-01-01-01-21.wav
fear,data/input/voice/Actor_21\03-01-06-01-01-02-21.wav
fear,data/input/voice/Actor_21\03-01-06-01-02-01-21.wav
fear,data/input/voice/Actor_21\03-01-06-01-02-02-21.wav
fear,data/input/voice/Actor_21\03-01-06-02-01-01-21.wav
fear,data/input/voice/Actor_21\03-01-06-02-01-02-21.wav
fear,data/input/voice/Actor_21\03-01-06-02-02-01-21.wav
fear,data/input/voice/Actor_21\03-01-06-02-02-02-21.wav
disgust,data/input/voice/Actor_21\03-01-07-01-01-01-21.wav
disgust,data/input/voice/Actor_21\03-01-07-01-01-02-21.wav
disgust,data/input/voice/Actor_21\03-01-07-01-02-01-21.wav
disgust,data/input/voice/Actor_21\03-01-07-01-02-02-21.wav
disgust,data/input/voice/Actor_21\03-01-07-02-01-01-21.wav
disgust,data/input/voice/Actor_21\03-01-07-02-01-02-21.wav
disgust,data/input/voice/Actor_21\03-01-07-02-02-01-21.wav
disgust,data/input/voice/Actor_21\03-01-07-02-02-02-21.wav
surprise,data/input/voice/Actor_21\03-01-08-01-01-01-21.wav
surprise,data/input/voice/Actor_21\03-01-08-01-01-02-21.wav
surprise,data/input/voice/Actor_21\03-01-08-01-02-01-21.wav
surprise,data/input/voice/Actor_21\03-01-08-01-02-02-21.wav
surprise,data/input/voice/Actor_21\03-01-08-02-01-01-21.wav
surprise,data/input/voice/Actor_21\03-01-08-02-01-02-21.wav
surprise,data/input/voice/Actor_21\03-01-08-02-02-01-21.wav
surprise,data/input/voice/Actor_21\03-01-08-02-02-02-21.wav
neutral,data/input/voice/Actor_22\03-01-01-01-01-01-22.wav
neutral,data/input/voice/Actor_22\03-01-01-01-01-02-22.wav
neutral,data/input/voice/Actor_22\03-01-01-01-02-01-22.wav
neutral,data/input/voice/Actor_22\03-01-01-01-02-02-22.wav
neutral,data/input/voice/Actor_22\03-01-02-01-01-01-22.wav
neutral,data/input/voice/Actor_22\03-01-02-01-01-02-22.wav
neutral,data/input/voice/Actor_22\03-01-02-01-02-01-22.wav
neutral,data/input/voice/Actor_22\03-01-02-01-02-02-22.wav
neutral,data/input/voice/Actor_22\03-01-02-02-01-01-22.wav
neutral,data/input/voice/Actor_22\03-01-02-02-01-02-22.wav
neutral,data/input/voice/Actor_22\03-01-02-02-02-01-22.wav
neutral,data/input/voice/Actor_22\03-01-02-02-02-02-22.wav
happy,data/input/voice/Actor_22\03-01-03-01-01-01-22.wav
happy,data/input/voice/Actor_22\03-01-03-01-01-02-22.wav
happy,data/input/voice/Actor_22\03-01-03-01-02-01-22.wav
happy,data/input/voice/Actor_22\03-01-03-01-02-02-22.wav
happy,data/input/voice/Actor_22\03-01-03-02-01-01-22.wav
happy,data/input/voice/Actor_22\03-01-03-02-01-02-22.wav
happy,data/input/voice/Actor_22\03-01-03-02-02-01-22.wav
happy,data/input/voice/Actor_22\03-01-03-02-02-02-22.wav
sad,data/input/voice/Actor_22\03-01-04-01-01-01-22.wav
sad,data/input/voice/Actor_22\03-01-04-01-01-02-22.wav
sad,data/input/voice/Actor_22\03-01-04-01-02-01-22.wav
sad,data/input/voice/Actor_22\03-01-04-01-02-02-22.wav
sad,data/input/voice/Actor_22\03-01-04-02-01-01-22.wav
sad,data/input/voice/Actor_22\03-01-04-02-01-02-22.wav
sad,data/input/voice/Actor_22\03-01-04-02-02-01-22.wav
sad,data/input/voice/Actor_22\03-01-04-02-02-02-22.wav
angry,data/input/voice/Actor_22\03-01-05-01-01-01-22.wav
angry,data/input/voice/Actor_22\03-01-05-01-01-02-22.wav
angry,data/input/voice/Actor_22\03-01-05-01-02-01-22.wav
angry,data/input/voice/Actor_22\03-01-05-01-02-02-22.wav
angry,data/input/voice/Actor_22\03-01-05-02-01-01-22.wav
angry,data/input/voice/Actor_22\03-01-05-02-01-02-22.wav
angry,data/input/voice/Actor_22\03-01-05-02-02-01-22.wav
angry,data/input/voice/Actor_22\03-01-05-02-02-02-22.wav
fear,data/input/voice/Actor_22\03-01-06-01-01-01-22.wav
fear,data/input/voice/Actor_22\03-01-06-01-01-02-22.wav
fear,data/input/voice/Actor_22\03-01-06-01-02-01-22.wav
fear,data/input/voice/Actor_22\03-01-06-01-02-02-22.wav
fear,data/input/voice/Actor_22\03-01-06-02-01-01-22.wav
fear,data/input/voice/Actor_22\03-01-06-02-01-02-22.wav
fear,data/input/voice/Actor_22\03-01-06-02-02-01-22.wav
fear,data/input/voice/Actor_22\03-01-06-02-02-02-22.wav
disgust,data/input/voice/Actor_22\03-01-07-01-01-01-22.wav
disgust,data/input/voice/Actor_22\03-01-07-01-01-02-22.wav
disgust,data/input/voice/Actor_22\03-01-07-01-02-01-22.wav
disgust,data/input/voice/Actor_22\03-01-07-01-02-02-22.wav
disgust,data/input/voice/Actor_22\03-01-07-02-01-01-22.wav
disgust,data/input/voice/Actor_22\03-01-07-02-01-02-22.wav
disgust,data/input/voice/Actor_22\03-01-07-02-02-01-22.wav
disgust,data/input/voice/Actor_22\03-01-07-02-02-02-22.wav
surprise,data/input/voice/Actor_22\03-01-08-01-01-01-22.wav
surprise,data/input/voice/Actor_22\03-01-08-01-01-02-22.wav
surprise,data/input/voice/Actor_22\03-01-08-01-02-01-22.wav
surprise,data/input/voice/Actor_22\03-01-08-01-02-02-22.wav
surprise,data/input/voice/Actor_22\03-01-08-02-01-01-22.wav
surprise,data/input/voice/Actor_22\03-01-08-02-01-02-22.wav
surprise,data/input/voice/Actor_22\03-01-08-02-02-01-22.wav
surprise,data/input/voice/Actor_22\03-01-08-02-02-02-22.wav
neutral,data/input/voice/Actor_23\03-01-01-01-01-01-23.wav
neutral,data/input/voice/Actor_23\03-01-01-01-01-02-23.wav
neutral,data/input/voice/Actor_23\03-01-01-01-02-01-23.wav
neutral,data/input/voice/Actor_23\03-01-01-01-02-02-23.wav
neutral,data/input/voice/Actor_23\03-01-02-01-01-01-23.wav
neutral,data/input/voice/Actor_23\03-01-02-01-01-02-23.wav
neutral,data/input/voice/Actor_23\03-01-02-01-02-01-23.wav
neutral,data/input/voice/Actor_23\03-01-02-01-02-02-23.wav
neutral,data/input/voice/Actor_23\03-01-02-02-01-01-23.wav
neutral,data/input/voice/Actor_23\03-01-02-02-01-02-23.wav
neutral,data/input/voice/Actor_23\03-01-02-02-02-01-23.wav
neutral,data/input/voice/Actor_23\03-01-02-02-02-02-23.wav
happy,data/input/voice/Actor_23\03-01-03-01-01-01-23.wav
happy,data/input/voice/Actor_23\03-01-03-01-01-02-23.wav
happy,data/input/voice/Actor_23\03-01-03-01-02-01-23.wav
happy,data/input/voice/Actor_23\03-01-03-01-02-02-23.wav
happy,data/input/voice/Actor_23\03-01-03-02-01-01-23.wav
happy,data/input/voice/Actor_23\03-01-03-02-01-02-23.wav
happy,data/input/voice/Actor_23\03-01-03-02-02-01-23.wav
happy,data/input/voice/Actor_23\03-01-03-02-02-02-23.wav
sad,data/input/voice/Actor_23\03-01-04-01-01-01-23.wav
sad,data/input/voice/Actor_23\03-01-04-01-01-02-23.wav
sad,data/input/voice/Actor_23\03-01-04-01-02-01-23.wav
sad,data/input/voice/Actor_23\03-01-04-01-02-02-23.wav
sad,data/input/voice/Actor_23\03-01-04-02-01-01-23.wav
sad,data/input/voice/Actor_23\03-01-04-02-01-02-23.wav
sad,data/input/voice/Actor_23\03-01-04-02-02-01-23.wav
sad,data/input/voice/Actor_23\03-01-04-02-02-02-23.wav
angry,data/input/voice/Actor_23\03-01-05-01-01-01-23.wav
angry,data/input/voice/Actor_23\03-01-05-01-01-02-23.wav
angry,data/input/voice/Actor_23\03-01-05-01-02-01-23.wav
angry,data/input/voice/Actor_23\03-01-05-01-02-02-23.wav
angry,data/input/voice/Actor_23\03-01-05-02-01-01-23.wav
angry,data/input/voice/Actor_23\03-01-05-02-01-02-23.wav
angry,data/input/voice/Actor_23\03-01-05-02-02-01-23.wav
angry,data/input/voice/Actor_23\03-01-05-02-02-02-23.wav
fear,data/input/voice/Actor_23\03-01-06-01-01-01-23.wav
fear,data/input/voice/Actor_23\03-01-06-01-01-02-23.wav
fear,data/input/voice/Actor_23\03-01-06-01-02-01-23.wav
fear,data/input/voice/Actor_23\03-01-06-01-02-02-23.wav
fear,data/input/voice/Actor_23\03-01-06-02-01-01-23.wav
fear,data/input/voice/Actor_23\03-01-06-02-01-02-23.wav
fear,data/input/voice/Actor_23\03-01-06-02-02-01-23.wav
fear,data/input/voice/Actor_23\03-01-06-02-02-02-23.wav
disgust,data/input/voice/Actor_23\03-01-07-01-01-01-23.wav
disgust,data/input/voice/Actor_23\03-01-07-01-01-02-23.wav
disgust,data/input/voice/Actor_23\03-01-07-01-02-01-23.wav
disgust,data/input/voice/Actor_23\03-01-07-01-02-02-23.wav
disgust,data/input/voice/Actor_23\03-01-07-02-01-01-23.wav
disgust,data/input/voice/Actor_23\03-01-07-02-01-02-23.wav
disgust,data/input/voice/Actor_23\03-01-07-02-02-01-23.wav
disgust,data/input/voice/Actor_23\03-01-07-02-02-02-23.wav
surprise,data/input/voice/Actor_23\03-01-08-01-01-01-23.wav
surprise,data/input/voice/Actor_23\03-01-08-01-01-02-23.wav
surprise,data/input/voice/Actor_23\03-01-08-01-02-01-23.wav
surprise,data/input/voice/Actor_23\03-01-08-01-02-02-23.wav
surprise,data/input/voice/Actor_23\03-01-08-02-01-01-23.wav
surprise,data/input/voice/Actor_23\03-01-08-02-01-02-23.wav
surprise,data/input/voice/Actor_23\03-01-08-02-02-01-23.wav
surprise,data/input/voice/Actor_23\03-01-08-02-02-02-23.wav
neutral,data/input/voice/Actor_24\03-01-01-01-01-01-24.wav
neutral,data/input/voice/Actor_24\03-01-01-01-01-02-24.wav
neutral,data/input/voice/Actor_24\03-01-01-01-02-01-24.wav
neutral,data/input/voice/Actor_24\03-01-01-01-02-02-24.wav
neutral,data/input/voice/Actor_24\03-01-02-01-01-01-24.wav
neutral,data/input/voice/Actor_24\03-01-02-01-01-02-24.wav
neutral,data/input/voice/Actor_24\03-01-02-01-02-01-24.wav
neutral,data/input/voice/Actor_24\03-01-02-01-02-02-24.wav
neutral,data/input/voice/Actor_24\03-01-02-02-01-01-24.wav
neutral,data/input/voice/Actor_24\03-01-02-02-01-02-24.wav
neutral,data/input/voice/Actor_24\03-01-02-02-02-01-24.wav
neutral,data/input/voice/Actor_24\03-01-02-02-02-02-24.wav
happy,data/input/voice/Actor_24\03-01-03-01-01-01-24.wav
happy,data/input/voice/Actor_24\03-01-03-01-01-02-24.wav
happy,data/input/voice/Actor_24\03-01-03-01-02-01-24.wav
happy,data/input/voice/Actor_24\03-01-03-01-02-02-24.wav
happy,data/input/voice/Actor_24\03-01-03-02-01-01-24.wav
happy,data/input/voice/Actor_24\03-01-03-02-01-02-24.wav
happy,data/input/voice/Actor_24\03-01-03-02-02-01-24.wav
happy,data/input/voice/Actor_24\03-01-03-02-02-02-24.wav
sad,data/input/voice/Actor_24\03-01-04-01-01-01-24.wav
sad,data/input/voice/Actor_24\03-01-04-01-01-02-24.wav
sad,data/input/voice/Actor_24\03-01-04-01-02-01-24.wav
sad,data/input/voice/Actor_24\03-01-04-01-02-02-24.wav
sad,data/input/voice/Actor_24\03-01-04-02-01-01-24.wav
sad,data/input/voice/Actor_24\03-01-04-02-01-02-24.wav
sad,data/input/voice/Actor_24\03-01-04-02-02-01-24.wav
sad,data/input/voice/Actor_24\03-01-04-02-02-02-24.wav
angry,data/input/voice/Actor_24\03-01-05-01-01-01-24.wav
angry,data/input/voice/Actor_24\03-01-05-01-01-02-24.wav
angry,data/input/voice/Actor_24\03-01-05-01-02-01-24.wav
angry,data/input/voice/Actor_24\03-01-05-01-02-02-24.wav
angry,data/input/voice/Actor_24\03-01-05-02-01-01-24.wav
angry,data/input/voice/Actor_24\03-01-05-02-01-02-24.wav
angry,data/input/voice/Actor_24\03-01-05-02-02-01-24.wav
angry,data/input/voice/Actor_24\03-01-05-02-02-02-24.wav
fear,data/input/voice/Actor_24\03-01-06-01-01-01-24.wav
fear,data/input/voice/Actor_24\03-01-06-01-01-02-24.wav
fear,data/input/voice/Actor_24\03-01-06-01-02-01-24.wav
fear,data/input/voice/Actor_24\03-01-06-01-02-02-24.wav
fear,data/input/voice/Actor_24\03-01-06-02-01-01-24.wav
fear,data/input/voice/Actor_24\03-01-06-02-01-02-24.wav
fear,data/input/voice/Actor_24\03-01-06-02-02-01-24.wav
fear,data/input/voice/Actor_24\03-01-06-02-02-02-24.wav
disgust,data/input/voice/Actor_24\03-01-07-01-01-01-24.wav
disgust,data/input/voice/Actor_24\03-01-07-01-01-02-24.wav
disgust,data/input/voice/Actor_24\03-01-07-01-02-01-24.wav
disgust,data/input/voice/Actor_24\03-01-07-01-02-02-24.wav
disgust,data/input/voice/Actor_24\03-01-07-02-01-01-24.wav
disgust,data/input/voice/Actor_24\03-01-07-02-01-02-24.wav
disgust,data/input/voice/Actor_24\03-01-07-02-02-01-24.wav
disgust,data/input/voice/Actor_24\03-01-07-02-02-02-24.wav
surprise,data/input/voice/Actor_24\03-01-08-01-01-01-24.wav
surprise,data/input/voice/Actor_24\03-01-08-01-01-02-24.wav
surprise,data/input/voice/Actor_24\03-01-08-01-02-01-24.wav
surprise,data/input/voice/Actor_24\03-01-08-01-02-02-24.wav
surprise,data/input/voice/Actor_24\03-01-08-02-01-01-24.wav
surprise,data/input/voice/Actor_24\03-01-08-02-01-02-24.wav
surprise,data/input/voice/Actor_24\03-01-08-02-02-01-24.wav
surprise,data/input/voice/Actor_24\03-01-08-02-02-02-24.wav
